order_id,customer_id,restaurant_id,order_timestamp,order_status,subtotal,discount_amount,delivery_fee,tax_amount,total_amount,payment_method,delivery_address,estimated_delivery_time,actual_delivery_time,cancellation_reason,delivery_address_norm
1,74,30,2024-11-22T13:34:18,delivered,725.55,0.0,34.43,36.28,796.26,cash,Heatherfort,2024-11-22T14:24:18,2024-11-22T14:16:18,,heatherfort
2,22,4,2026-04-15T19:48:23,delivered,660.04,0.0,20.35,33.0,713.39,card,West Matthew,2026-04-15T20:39:23,2026-04-15T20:25:23,,west matthew
3,21,23,2026-03-16T19:31:32,pending,790.13,0.0,33.13,39.51,862.77,upi,Stephaniemouth,2026-03-16T20:16:32,2026-03-16T20:27:32,,stephaniemouth
4,76,19,2025-08-17T20:48:25,delivered,183.07,0.0,47.15,9.15,239.37,cash,South Stevenhaven,2025-08-17T21:34:25,2025-08-17T21:32:25,,south stevenhaven
5,3,26,2025-02-01T19:23:48,delivered,147.99,0.0,27.42,7.4,182.81,upi,Veronicaside,2025-02-01T20:06:48,2025-02-01T20:14:48,,veronicaside
6,31,30,2025-10-24T14:37:21,delivered,1969.15,0.0,42.45,98.46,2110.06,upi,Harrytown,2025-10-24T15:27:21,2025-10-24T15:34:21,,harrytown
7,2,2,2025-03-08T13:40:46,delivered,107.19,0.0,35.78,5.36,148.33,card,Barbaraland,2025-03-08T14:19:46,2025-03-08T14:19:46,,barbaraland
8,72,44,2026-06-24T11:45:08,delivered,375.05,0.0,45.14,18.75,438.94,upi,Sergiostad,2026-06-24T12:23:08,2026-06-24T12:06:08,,sergiostad
9,74,43,2025-11-14T13:35:19,delivered,633.42,0.0,49.85,31.67,714.94,upi,Heatherfort,2025-11-14T14:09:19,2025-11-14T13:54:19,,heatherfort
10,89,43,2026-03-30T18:18:02,delivered,490.46,0.0,27.56,24.52,542.54,upi,Nelsonville,2026-03-30T18:52:02,2026-03-30T19:01:02,,nelsonville
11,51,46,2024-11-11T21:14:03,delivered,594.11,0.0,50.14,29.71,673.96,cash,Simmonsville,2024-11-11T21:54:03,2024-11-11T22:00:03,,simmonsville
12,35,20,2026-05-27T14:41:36,delivered,409.96,0.0,41.14,20.5,471.6,card,Barkerfurt,2026-05-27T15:11:36,2026-05-27T15:04:36,,barkerfurt
13,21,41,2025-10-25T12:36:38,delivered,133.71,0.0,26.8,6.69,167.2,upi,Stephaniemouth,2025-10-25T13:08:38,2025-10-25T13:06:38,,stephaniemouth
14,25,14,2025-09-15T19:50:18,delivered,262.06,0.0,55.05,13.1,330.21,card,Port Anthonybury,2025-09-15T20:25:18,2025-09-15T20:32:18,,port anthonybury
15,76,20,2025-11-26T12:21:19,delivered,819.92,0.0,47.11,41.0,908.03,upi,South Stevenhaven,2025-11-26T12:51:19,2025-11-26T13:06:19,,south stevenhaven
16,28,19,2026-01-12T14:14:08,delivered,174.65,0.0,30.91,8.73,214.29,cash,West Nicolebury,2026-01-12T15:00:08,2026-01-12T15:06:08,,west nicolebury
17,63,19,2026-06-08T13:58:36,delivered,366.14,0.0,52.45,18.31,436.9,cash,Lisahaven,2026-06-08T14:44:36,2026-06-08T14:52:36,,lisahaven
18,11,29,2025-05-16T14:36:03,delivered,310.86,0.0,35.71,15.54,362.11,card,Shawhaven,2025-05-16T15:06:03,2025-05-16T15:14:03,,shawhaven
19,59,20,2026-02-23T12:49:08,cancelled,409.96,0.0,44.48,20.5,474.94,upi,Port Michael,2026-02-23T13:19:08,2026-02-23T13:22:08,restaurant_unavailable,port michael
20,53,35,2026-04-18T13:46:14,delivered,337.42,0.0,54.69,16.87,408.98,upi,Lisaside,2026-04-18T14:25:14,2026-04-18T14:17:14,,lisaside
21,29,9,2026-08-10T20:15:13,delivered,293.62,0.0,31.6,14.68,339.9,cash,Freemanbury,2026-08-10T20:48:13,2026-08-10T20:44:13,,freemanbury
22,85,18,2025-01-12T21:38:49,pending,357.9,0.0,40.69,17.89,416.48,upi,Salaston,2025-01-12T22:05:49,2025-01-12T22:16:49,,salaston
23,40,18,2024-11-06T20:42:24,delivered,333.58,0.0,53.57,16.68,403.83,card,New Patrick,2024-11-06T21:09:24,2024-11-06T21:22:24,,new patrick
24,54,9,2025-12-21T20:16:13,delivered,355.55,0.0,44.63,17.78,417.96,card,Dannyview,2025-12-21T20:49:13,2025-12-21T20:46:13,,dannyview
25,42,7,2026-01-22T21:59:12,delivered,413.54,0.0,38.94,20.68,473.16,upi,Goodville,2026-01-22T22:21:12,2026-01-22T22:18:12,,goodville
26,41,43,2026-05-18T12:51:46,delivered,88.13,0.0,57.51,4.41,150.05,card,North Terrance,2026-05-18T13:25:46,2026-05-18T13:20:46,,north terrance
27,26,41,2025-04-02T20:35:41,delivered,651.63,0.0,39.05,32.58,723.26,cash,West Barbarafurt,2025-04-02T21:07:41,2025-04-02T21:04:41,,west barbarafurt
28,5,5,2024-10-11T21:03:48,delivered,230.99,0.0,48.1,11.55,290.64,card,Lake Nicoleview,2024-10-11T21:23:48,2024-10-11T21:30:48,,lake nicoleview
29,3,21,2025-11-18T20:34:18,delivered,789.58,0.0,53.33,39.48,882.39,card,Veronicaside,2025-11-18T21:18:18,2025-11-18T21:04:18,,veronicaside
30,2,33,2024-09-25T13:52:54,delivered,193.13,0.0,48.83,9.66,251.62,card,Barbaraland,2024-09-25T14:31:54,2024-09-25T14:36:54,,barbaraland
31,84,13,2026-07-14T11:14:13,delivered,646.14,0.0,38.79,32.31,717.24,cash,Lake Brett,2026-07-14T12:01:13,2026-07-14T12:08:13,,lake brett
32,41,11,2025-07-15T18:59:04,delivered,1099.81,0.0,48.08,54.99,1202.88,cash,North Terrance,2025-07-15T19:57:04,2025-07-15T19:57:04,,north terrance
33,45,29,2024-12-06T20:38:25,pending,277.87,0.0,37.28,13.89,329.04,cash,New Michaelberg,2024-12-06T21:08:25,2024-12-06T20:50:25,,new michaelberg
34,14,41,2025-11-25T21:09:24,delivered,194.65,0.0,24.97,9.73,229.35,cash,Jamesview,2025-11-25T21:41:24,2025-11-25T21:25:24,,jamesview
35,17,31,2025-08-29T19:35:05,delivered,436.8,0.0,43.2,21.84,501.84,upi,Darlenefurt,2025-08-29T20:09:05,,,darlenefurt
36,47,15,2026-06-23T21:10:27,delivered,1034.58,0.0,47.53,51.73,1133.84,card,Wilsonton,2026-06-23T21:47:27,2026-06-23T22:03:27,,wilsonton
37,37,11,2024-12-26T20:08:19,delivered,387.57,0.0,50.04,19.38,456.99,upi,Port Richardhaven,2024-12-26T21:06:19,2024-12-26T21:06:19,,port richardhaven
38,61,35,2024-12-28T19:34:11,delivered,1413.01,0.0,40.78,70.65,1524.44,upi,West Cassidy,2024-12-28T20:13:11,2024-12-28T20:27:11,,west cassidy
39,40,12,2024-12-22T13:30:37,delivered,866.64,0.0,58.81,43.33,968.78,cash,New Patrick,2024-12-22T14:05:37,2024-12-22T14:01:37,,new patrick
40,100,16,2024-11-04T21:43:41,delivered,989.75,0.0,24.65,49.49,1063.89,upi,Garciafort,2024-11-04T22:14:41,2024-11-04T22:02:41,,garciafort
41,8,31,2025-04-19T14:06:18,delivered,213.31,0.0,32.82,10.67,256.8,card,Lewisberg,2025-04-19T14:40:18,2025-04-19T14:45:18,,lewisberg
42,7,43,2026-05-01T11:01:54,delivered,245.23,0.0,32.54,12.26,290.03,card,Samuelhaven,2026-05-01T11:35:54,2026-05-01T11:47:54,,samuelhaven
43,89,36,2024-12-06T21:56:12,delivered,176.68,0.0,46.56,8.83,232.07,card,Nelsonville,2024-12-06T22:49:12,2024-12-06T22:46:12,,nelsonville
44,65,31,2024-11-10T13:20:38,delivered,436.8,0.0,23.35,21.84,481.99,upi,Shawchester,2024-11-10T13:54:38,2024-11-10T14:10:38,,shawchester
45,100,49,2025-07-25T20:26:38,cancelled,404.85,0.0,39.27,20.24,464.36,cash,Garciafort,2025-07-25T21:02:38,2025-07-25T20:59:38,customer_request,garciafort
46,36,6,2025-03-27T20:41:31,delivered,229.72,0.0,37.93,11.49,279.14,cash,Waltersfort,2025-03-27T21:32:31,2025-03-27T21:21:31,,waltersfort
47,99,38,2025-03-21T21:07:36,delivered,580.32,0.0,29.52,29.02,638.86,upi,East Sharonville,2025-03-21T21:28:36,2025-03-21T21:32:36,,east sharonville
48,79,10,2025-06-03T19:55:07,delivered,151.88,0.0,27.33,7.59,186.8,cash,Theresaberg,2025-06-03T20:43:07,2025-06-03T20:42:07,,theresaberg
49,1,33,2024-09-05T19:18:18,delivered,770.82,0.0,26.6,38.54,835.96,cash,Lisatown,2024-09-05T19:57:18,2024-09-05T20:10:18,,lisatown
50,16,11,2025-07-20T14:31:09,delivered,1862.42,0.0,39.54,93.12,1995.08,cash,Johnsonmouth,2025-07-20T15:29:09,2025-07-20T15:27:09,,johnsonmouth
51,87,33,2025-02-25T13:25:13,delivered,2279.2,0.0,28.7,113.96,2421.86,upi,East Brent,2025-02-25T14:04:13,2025-02-25T14:01:13,,east brent
52,88,19,2025-05-16T19:00:27,delivered,1174.53,0.0,50.1,58.73,1283.36,cash,New Joanne,2025-05-16T19:46:27,2025-05-16T19:43:27,,new joanne
53,47,17,2024-10-24T18:05:45,delivered,1050.52,0.0,37.88,52.53,1140.93,card,Wilsonton,2024-10-24T18:45:45,2024-10-24T18:58:45,,wilsonton
54,41,17,2026-04-12T18:41:43,cancelled,1172.36,0.0,24.17,58.62,1255.15,cash,North Terrance,2026-04-12T19:21:43,2026-04-12T19:30:43,payment_failed,north terrance
55,94,42,2024-11-04T20:05:15,delivered,774.22,0.0,50.53,38.71,863.46,cash,Millerside,2024-11-04T20:39:15,,,millerside
56,70,46,2025-04-02T13:40:38,delivered,785.03,0.0,36.72,39.25,861.0,upi,West Jamesborough,2025-04-02T14:20:38,2025-04-02T14:16:38,,west jamesborough
57,80,46,2024-08-27T20:32:49,delivered,224.35,0.0,45.1,11.22,280.67,card,Ferrellmouth,2024-08-27T21:12:49,2024-08-27T21:17:49,,ferrellmouth
58,65,25,2026-06-20T11:19:44,delivered,847.04,0.0,26.57,42.35,915.96,card,Shawchester,2026-06-20T11:53:44,2026-06-20T11:36:44,,shawchester
59,64,16,2025-12-04T18:10:23,delivered,260.04,0.0,37.09,13.0,310.13,upi,Port Heather,2025-12-04T18:41:23,2025-12-04T18:50:23,,port heather
60,11,13,2026-03-09T19:23:10,delivered,595.2,0.0,50.33,29.76,675.29,cash,Shawhaven,2026-03-09T20:10:10,2026-03-09T20:02:10,,shawhaven
61,50,10,2024-10-24T13:26:14,delivered,302.9,0.0,43.98,15.14,362.02,card,East Josephberg,2024-10-24T14:14:14,2024-10-24T14:01:14,,east josephberg
62,37,27,2025-02-06T19:29:00,delivered,252.18,0.0,39.83,12.61,304.62,cash,Port Richardhaven,2025-02-06T20:17:00,2025-02-06T20:07:00,,port richardhaven
63,85,3,2024-11-13T13:53:44,pending,2012.11,0.0,35.96,100.61,2148.68,card,Salaston,2024-11-13T14:13:44,2024-11-13T14:21:44,,salaston
64,24,12,2026-06-01T18:37:06,delivered,199.44,0.0,55.09,9.97,264.5,upi,South Brittanytown,2026-06-01T19:12:06,2026-06-01T19:15:06,,south brittanytown
65,68,44,2026-01-31T18:08:49,delivered,257.62,0.0,44.69,12.88,315.19,card,New Michaelshire,2026-01-31T18:46:49,2026-01-31T18:57:49,,new michaelshire
66,56,20,2024-12-17T18:02:13,delivered,409.96,0.0,45.89,20.5,476.35,card,Tuckermouth,2024-12-17T18:32:13,2024-12-17T18:37:13,,tuckermouth
67,63,15,2026-04-24T18:00:03,delivered,209.44,0.0,41.05,10.47,260.96,card,Lisahaven,2026-04-24T18:37:03,2026-04-24T18:42:03,,lisahaven
68,30,13,2025-09-21T13:07:02,delivered,301.51,0.0,39.37,15.08,355.96,cash,Kristopherbury,2025-09-21T13:54:02,2025-09-21T13:53:02,,kristopherbury
69,19,50,2025-02-09T18:30:03,delivered,220.24,0.0,37.48,11.01,268.73,cash,Richardtown,2025-02-09T19:13:03,2025-02-09T19:37:03,,richardtown
70,13,32,2025-11-23T11:11:01,pending,2024.79,0.0,47.06,101.24,2173.09,cash,West Justin,2025-11-23T11:53:01,2025-11-23T11:55:01,,west justin
71,98,32,2026-03-02T21:11:15,delivered,145.41,0.0,43.59,7.27,196.27,cash,South John,2026-03-02T21:53:15,2026-03-02T22:03:15,,south john
72,41,34,2026-05-26T19:03:14,delivered,125.75,15.3,42.96,6.29,159.7,upi,North Terrance,2026-05-26T19:47:14,2026-05-26T20:07:14,,north terrance
73,58,12,2026-06-13T13:23:45,delivered,177.98,0.0,39.26,8.9,226.14,card,Robertsfurt,2026-06-13T13:58:45,2026-06-13T14:12:45,,robertsfurt
74,59,11,2026-01-10T11:42:37,delivered,245.36,0.0,43.52,12.27,301.15,cash,Port Michael,2026-01-10T12:40:37,2026-01-10T12:35:37,,port michael
75,92,35,2024-11-10T19:36:06,delivered,1186.29,0.0,39.04,59.31,1284.64,card,Port Amyhaven,2024-11-10T20:15:06,2024-11-10T20:31:06,,port amyhaven
76,13,45,2026-08-25T19:03:24,delivered,334.3,0.0,31.53,16.71,382.54,upi,West Justin,2026-08-25T19:23:24,2026-08-25T19:37:24,,west justin
77,86,24,2025-12-02T13:06:04,delivered,812.65,0.0,54.59,40.63,907.87,card,Lake Janet,2025-12-02T13:29:04,2025-12-02T13:27:04,,lake janet
78,76,16,2025-09-21T20:13:12,delivered,1526.64,0.0,30.29,76.33,1633.26,cash,South Stevenhaven,2025-09-21T20:44:12,2025-09-21T20:46:12,,south stevenhaven
79,51,2,2026-05-19T14:01:13,delivered,883.98,0.0,60.3,44.2,988.48,card,Simmonsville,2026-05-19T14:40:13,2026-05-19T14:34:13,,simmonsville
80,31,16,2025-11-24T11:36:03,delivered,419.26,0.0,51.21,20.96,491.43,card,Harrytown,2025-11-24T12:07:03,2025-11-24T12:14:03,,harrytown
81,60,16,2025-04-26T20:19:05,cancelled,503.28,0.0,41.48,25.16,569.92,card,South Carlos,2025-04-26T20:50:05,2025-04-26T20:58:05,payment_failed,south carlos
82,90,44,2025-06-07T21:12:52,delivered,1109.3,0.0,22.12,55.47,1186.89,card,Morrisbury,2025-06-07T21:50:52,2025-06-07T22:09:52,,morrisbury
83,69,45,2025-01-01T20:37:48,cancelled,668.6,0.0,31.43,33.43,733.46,upi,Kristinastad,2025-01-01T20:57:48,2025-01-01T21:01:48,restaurant_unavailable,kristinastad
84,67,11,2024-09-18T12:15:03,delivered,318.78,0.0,40.13,15.94,374.85,card,North Andrewborough,2024-09-18T13:13:03,2024-09-18T13:22:03,,north andrewborough
85,46,32,2025-06-26T12:38:41,delivered,940.41,0.0,40.17,47.02,1027.6,cash,Coffeyside,2025-06-26T13:20:41,2025-06-26T13:02:41,,coffeyside
86,26,34,2025-12-14T21:02:29,delivered,521.35,0.0,44.22,26.07,591.64,upi,West Barbarafurt,2025-12-14T21:46:29,2025-12-14T21:51:29,,west barbarafurt
87,90,29,2024-09-20T11:05:18,delivered,701.86,0.0,35.65,35.09,772.6,card,Morrisbury,2024-09-20T11:35:18,2024-09-20T11:18:18,,morrisbury
88,43,17,2024-12-12T12:51:19,delivered,209.34,0.0,42.29,10.47,262.1,upi,East Steven,2024-12-12T13:31:19,2024-12-12T13:44:19,,east steven
89,48,50,2025-01-29T14:41:38,delivered,275.34,0.0,43.61,13.77,332.72,card,Antoniostad,2025-01-29T15:24:38,2025-01-29T15:35:38,,antoniostad
90,57,28,2025-07-09T20:42:20,delivered,354.54,0.0,34.55,17.73,406.82,cash,North Tylerchester,2025-07-09T21:19:20,2025-07-09T21:20:20,,north tylerchester
91,54,8,2024-10-08T13:22:32,delivered,275.58,0.0,34.56,13.78,323.92,cash,Dannyview,2024-10-08T14:15:32,2024-10-08T14:02:32,,dannyview
92,81,6,2025-06-22T18:50:56,delivered,785.66,0.0,53.49,39.28,878.43,card,South Dennisview,2025-06-22T19:41:56,2025-06-22T19:45:56,,south dennisview
93,55,19,2026-02-02T20:21:26,delivered,174.65,0.0,45.15,8.73,228.53,upi,East Mollyshire,2026-02-02T21:07:26,2026-02-02T21:05:26,,east mollyshire
94,14,4,2025-04-12T21:50:48,delivered,101.23,0.0,38.13,5.06,144.42,upi,Jamesview,2025-04-12T22:41:48,2025-04-12T22:22:48,,jamesview
95,71,3,2025-12-15T20:14:44,delivered,177.08,0.0,37.75,8.85,223.68,card,Morganburgh,2025-12-15T20:34:44,2025-12-15T20:19:44,,morganburgh
96,75,42,2025-08-24T11:48:12,delivered,1128.94,94.43,25.96,56.45,1116.92,card,East Laurabury,2025-08-24T12:22:12,2025-08-24T12:17:12,,east laurabury
97,59,32,2024-10-26T21:53:01,delivered,245.77,0.0,75.14,12.29,333.2,card,Port Michael,2024-10-26T22:35:01,2024-10-26T22:38:01,,port michael
98,86,43,2025-03-21T21:46:39,delivered,142.96,0.0,53.76,7.15,203.87,card,Lake Janet,2025-03-21T22:20:39,2025-03-21T22:16:39,,lake janet
99,91,20,2026-08-24T13:00:42,delivered,190.2,0.0,41.33,9.51,241.04,upi,Hannahport,2026-08-24T13:30:42,2026-08-24T13:25:42,,hannahport
100,37,46,2025-11-02T14:23:51,delivered,994.51,0.0,37.49,49.73,1081.73,card,Port Richardhaven,2025-11-02T15:03:51,,,port richardhaven
101,100,1,2025-11-21T20:53:24,delivered,1149.56,0.0,43.9,57.48,1250.94,card,Garciafort,2025-11-21T21:46:24,2025-11-21T21:26:24,,garciafort
102,26,20,2026-04-15T14:30:58,delivered,204.98,0.0,40.64,10.25,255.87,upi,West Barbarafurt,2026-04-15T15:00:58,,,west barbarafurt
103,93,34,2024-12-01T21:06:27,delivered,617.09,0.0,34.65,30.85,682.59,cash,South Jonathantown,2024-12-01T21:50:27,2024-12-01T21:52:27,,south jonathantown
104,17,38,2025-12-23T20:21:17,delivered,175.15,0.0,55.19,8.76,239.1,upi,Darlenefurt,2025-12-23T20:42:17,2025-12-23T20:42:17,,darlenefurt
105,67,11,2026-08-26T13:52:05,delivered,477.28,0.0,57.85,23.86,558.99,cash,North Andrewborough,2026-08-26T14:50:05,2026-08-26T14:54:05,,north andrewborough
106,81,48,2026-05-02T13:06:48,delivered,485.14,0.0,50.35,24.26,559.75,upi,South Dennisview,2026-05-02T13:56:48,2026-05-02T13:52:48,,south dennisview
107,24,13,2025-05-15T20:52:50,delivered,215.38,0.0,44.08,10.77,270.23,upi,South Brittanytown,2025-05-15T21:39:50,,,south brittanytown
108,22,7,2025-01-04T21:30:59,delivered,422.35,0.0,39.01,21.12,482.48,cash,West Matthew,2025-01-04T21:52:59,2025-01-04T21:52:59,,west matthew
109,7,36,2025-10-29T13:28:51,delivered,672.93,0.0,20.0,33.65,726.58,upi,Samuelhaven,2025-10-29T14:21:51,2025-10-29T14:24:51,,samuelhaven
110,48,31,2025-03-29T12:34:44,delivered,436.8,0.0,63.17,21.84,521.81,upi,Antoniostad,2025-03-29T13:08:44,2025-03-29T13:08:44,,antoniostad
111,20,38,2024-10-09T11:03:12,delivered,172.98,0.0,34.36,8.65,215.99,upi,South Robertshire,2024-10-09T11:24:12,2024-10-09T11:28:12,,south robertshire
112,91,19,2025-01-29T14:24:15,delivered,1000.83,0.0,46.5,50.04,1097.37,cash,Hannahport,2025-01-29T15:10:15,2025-01-29T15:15:15,,hannahport
113,24,35,2024-12-17T19:12:49,pending,395.43,0.0,33.62,19.77,448.82,cash,South Brittanytown,2024-12-17T19:51:49,2024-12-17T19:35:49,,south brittanytown
114,28,39,2026-03-22T21:59:20,delivered,743.82,0.0,25.58,37.19,806.59,cash,West Nicolebury,2026-03-22T22:37:20,2026-03-22T22:38:20,,west nicolebury
115,33,43,2025-07-09T11:05:22,pending,388.19,0.0,48.41,19.41,456.01,upi,Torreston,2025-07-09T11:39:22,2025-07-09T11:26:22,,torreston
116,77,35,2026-07-17T13:43:56,delivered,1017.58,0.0,20.0,50.88,1088.46,upi,Jamesside,2026-07-17T14:22:56,,,jamesside
117,69,40,2025-02-22T21:34:00,delivered,487.77,0.0,40.44,24.39,552.6,card,Kristinastad,2025-02-22T22:23:00,2025-02-22T22:24:00,,kristinastad
118,74,24,2026-07-19T18:05:04,delivered,937.29,0.0,50.85,46.86,1035.0,upi,Heatherfort,2026-07-19T18:28:04,2026-07-19T18:39:04,,heatherfort
119,76,42,2025-03-30T18:06:18,delivered,560.85,0.0,45.12,28.04,634.01,upi,South Stevenhaven,2025-03-30T18:40:18,2025-03-30T18:50:18,,south stevenhaven
120,22,49,2024-11-01T13:23:00,delivered,684.06,0.0,41.1,34.2,759.36,card,West Matthew,2024-11-01T13:59:00,,,west matthew
121,20,41,2026-01-12T13:39:53,delivered,203.96,0.0,41.69,10.2,255.85,cash,South Robertshire,2026-01-12T14:11:53,2026-01-12T14:17:53,,south robertshire
122,66,47,2025-08-26T21:08:42,delivered,607.05,0.0,30.31,30.35,667.71,card,Sarahchester,2025-08-26T21:39:42,2025-08-26T21:34:42,,sarahchester
123,62,36,2024-11-08T14:27:17,delivered,460.04,0.0,51.13,23.0,534.17,upi,Ortizmouth,2024-11-08T15:20:17,2024-11-08T15:11:17,,ortizmouth
124,22,20,2026-06-10T14:57:01,delivered,614.94,0.0,32.75,30.75,678.44,cash,West Matthew,2026-06-10T15:27:01,2026-06-10T15:24:01,,west matthew
125,30,43,2026-04-11T13:29:32,pending,231.09,0.0,41.76,11.55,284.4,cash,Kristopherbury,2026-04-11T14:03:32,2026-04-11T13:52:32,,kristopherbury
126,28,40,2026-07-16T19:14:48,cancelled,462.44,37.47,39.53,23.12,487.62,upi,West Nicolebury,2026-07-16T20:03:48,2026-07-16T20:14:48,customer_request,west nicolebury
127,47,43,2025-08-17T19:37:41,delivered,1630.43,0.0,35.97,81.52,1747.92,upi,Wilsonton,2025-08-17T20:11:41,2025-08-17T20:16:41,,wilsonton
128,81,2,2024-10-19T21:14:26,delivered,858.05,0.0,37.45,42.9,938.4,card,South Dennisview,2024-10-19T21:53:26,2024-10-19T22:10:26,,south dennisview
129,2,1,2024-12-21T12:36:40,delivered,231.66,0.0,30.79,11.58,274.03,upi,Barbaraland,2024-12-21T13:29:40,2024-12-21T13:30:40,,barbaraland
130,48,6,2024-09-23T19:21:59,delivered,689.16,0.0,37.26,34.46,760.88,upi,Antoniostad,2024-09-23T20:12:59,2024-09-23T20:26:59,,antoniostad
131,34,30,2026-04-28T18:05:30,delivered,891.94,0.0,24.33,44.6,960.87,card,Jasminemouth,2026-04-28T18:55:30,2026-04-28T18:44:30,,jasminemouth
132,39,24,2024-09-12T14:36:06,delivered,656.99,0.0,51.62,32.85,741.46,card,Port Chad,2024-09-12T14:59:06,2024-09-12T15:01:06,,port chad
133,80,17,2026-05-09T12:09:27,delivered,224.62,0.0,54.84,11.23,290.69,cash,Ferrellmouth,2026-05-09T12:49:27,2026-05-09T12:50:27,,ferrellmouth
134,3,7,2024-09-03T18:25:47,delivered,134.91,0.0,44.35,6.75,186.01,card,Veronicaside,2024-09-03T18:47:47,2024-09-03T18:38:47,,veronicaside
135,19,38,2026-05-25T20:52:09,delivered,57.66,0.0,48.44,2.88,108.98,card,Richardtown,2026-05-25T21:13:09,2026-05-25T20:50:09,,richardtown
136,9,19,2025-04-07T12:28:00,delivered,167.79,0.0,46.12,8.39,222.3,cash,East Jamesside,2025-04-07T13:14:00,2025-04-07T13:22:00,,east jamesside
137,99,4,2024-10-10T14:25:25,pending,900.67,0.0,37.69,45.03,983.39,cash,East Sharonville,2024-10-10T15:16:25,2024-10-10T15:16:25,,east sharonville
138,47,20,2025-03-19T20:16:56,delivered,819.92,0.0,34.86,41.0,895.78,upi,Wilsonton,2025-03-19T20:46:56,2025-03-19T20:51:56,,wilsonton
139,61,30,2024-10-02T21:44:14,delivered,483.7,0.0,47.41,24.19,555.3,upi,West Cassidy,2024-10-02T22:34:14,2024-10-02T22:33:14,,west cassidy
140,56,18,2026-02-20T21:47:43,delivered,2002.53,0.0,38.65,100.13,2141.31,upi,Tuckermouth,2026-02-20T22:14:43,2026-02-20T22:13:43,,tuckermouth
141,76,28,2025-04-20T11:23:39,delivered,1623.84,0.0,47.52,81.19,1752.55,cash,South Stevenhaven,2025-04-20T12:00:39,2025-04-20T11:59:39,,south stevenhaven
142,85,20,2025-03-14T12:29:20,delivered,409.96,33.46,40.93,20.5,437.93,cash,Salaston,2025-03-14T12:59:20,2025-03-14T12:55:20,,salaston
143,73,47,2025-07-12T13:17:28,delivered,1041.38,0.0,57.61,52.07,1151.06,card,Nathanland,2025-07-12T13:48:28,2025-07-12T13:44:28,,nathanland
144,67,40,2025-03-15T20:34:46,delivered,975.54,0.0,48.08,48.78,1072.4,card,North Andrewborough,2025-03-15T21:23:46,2025-03-15T21:25:46,,north andrewborough
145,17,4,2025-07-01T12:07:22,delivered,1343.62,0.0,38.77,67.18,1449.57,card,Darlenefurt,2025-07-01T12:58:22,2025-07-01T13:08:22,,darlenefurt
146,37,8,2025-06-21T20:40:39,delivered,357.72,0.0,49.72,17.89,425.33,card,Port Richardhaven,2025-06-21T21:33:39,2025-06-21T21:47:39,,port richardhaven
147,91,46,2026-02-19T18:54:01,delivered,224.35,0.0,20.0,11.22,255.57,upi,Hannahport,2026-02-19T19:34:01,2026-02-19T19:34:01,,hannahport
148,58,2,2024-12-02T13:09:05,delivered,1443.64,0.0,38.57,72.18,1554.39,cash,Robertsfurt,2024-12-02T13:48:05,2024-12-02T13:41:05,,robertsfurt
149,96,44,2025-02-20T14:11:37,delivered,268.19,0.0,28.8,13.41,310.4,cash,East Williamport,2025-02-20T14:49:37,2025-02-20T15:06:37,,east williamport
150,78,8,2026-04-09T11:22:18,delivered,687.49,0.0,47.71,34.37,769.57,upi,Montgomerytown,2026-04-09T12:15:18,2026-04-09T12:27:18,,montgomerytown
151,47,39,2026-01-13T20:16:05,delivered,495.88,0.0,37.3,24.79,557.97,cash,Wilsonton,2026-01-13T20:54:05,2026-01-13T21:01:05,,wilsonton
152,39,3,2025-04-10T19:12:20,delivered,546.48,0.0,37.38,27.32,611.18,card,Port Chad,2025-04-10T19:32:20,2025-04-10T19:47:20,,port chad
153,95,38,2026-07-25T11:21:05,delivered,193.44,0.0,51.09,9.67,254.2,card,Ericborough,2026-07-25T11:42:05,2026-07-25T11:29:05,,ericborough
154,32,42,2026-07-23T19:12:29,delivered,532.08,0.0,46.2,26.6,604.88,cash,Wilsonland,2026-07-23T19:46:29,2026-07-23T19:50:29,,wilsonland
155,24,33,2024-10-13T11:13:07,delivered,1284.7,217.32,40.45,64.23,1172.06,cash,South Brittanytown,2024-10-13T11:52:07,2024-10-13T11:51:07,,south brittanytown
156,7,43,2024-11-24T13:03:03,delivered,245.23,0.0,34.73,12.26,292.22,cash,Samuelhaven,2024-11-24T13:37:03,2024-11-24T13:29:03,,samuelhaven
157,3,44,2025-04-17T18:45:28,delivered,934.52,0.0,41.15,46.73,1022.4,upi,Veronicaside,2025-04-17T19:23:28,2025-04-17T19:17:28,,veronicaside
158,8,17,2025-05-19T13:00:49,delivered,279.43,0.0,41.87,13.97,335.27,card,Lewisberg,2025-05-19T13:40:49,2025-05-19T13:53:49,,lewisberg
159,48,23,2025-09-30T21:26:41,delivered,479.39,0.0,44.64,23.97,548.0,card,Antoniostad,2025-09-30T22:11:41,2025-09-30T22:20:41,,antoniostad
160,68,47,2024-10-24T20:31:59,cancelled,766.87,0.0,41.36,38.34,846.57,cash,New Michaelshire,2024-10-24T21:02:59,2024-10-24T20:59:59,restaurant_unavailable,new michaelshire
161,89,42,2025-02-28T12:24:12,delivered,726.42,0.0,47.27,36.32,810.01,card,Nelsonville,2025-02-28T12:58:12,2025-02-28T12:53:12,,nelsonville
162,12,37,2026-03-18T20:34:38,delivered,553.61,0.0,34.52,27.68,615.81,upi,Johnfurt,2026-03-18T21:18:38,2026-03-18T20:57:38,,johnfurt
163,1,9,2026-08-26T13:46:02,cancelled,128.67,0.0,57.85,6.43,192.95,cash,Lisatown,2026-08-26T14:19:02,2026-08-26T14:03:02,customer_request,lisatown
164,100,26,2026-05-22T14:02:29,delivered,1226.96,0.0,32.84,61.35,1321.15,upi,Garciafort,2026-05-22T14:45:29,2026-05-22T15:07:29,,garciafort
165,21,35,2026-07-19T12:46:51,delivered,168.71,0.0,55.0,8.44,232.15,card,Stephaniemouth,2026-07-19T13:25:51,2026-07-19T13:26:51,,stephaniemouth
166,96,33,2025-10-18T12:33:02,delivered,994.5,0.0,28.0,49.73,1072.23,card,East Williamport,2025-10-18T13:12:02,2025-10-18T13:11:02,,east williamport
167,3,23,2025-02-11T13:25:16,delivered,791.61,0.0,33.66,39.58,864.85,cash,Veronicaside,2025-02-11T14:10:16,2025-02-11T13:56:16,,veronicaside
168,25,1,2025-06-19T20:23:22,delivered,287.39,0.0,33.58,14.37,335.34,cash,Port Anthonybury,2025-06-19T21:16:22,,,port anthonybury
169,44,47,2026-05-03T18:47:03,delivered,463.96,0.0,44.74,23.2,531.9,card,Baileyport,2026-05-03T19:18:03,2026-05-03T19:13:03,,baileyport
170,97,22,2024-11-27T20:46:09,delivered,769.27,0.0,44.81,38.46,852.54,cash,West Shellyfurt,2024-11-27T21:29:09,,,west shellyfurt
171,91,10,2026-08-07T20:18:55,delivered,708.38,0.0,45.8,35.42,789.6,upi,Hannahport,2026-08-07T21:06:55,2026-08-07T21:03:55,,hannahport
172,78,38,2025-09-05T13:43:22,delivered,57.66,0.0,35.43,2.88,95.97,cash,Montgomerytown,2025-09-05T14:04:22,2025-09-05T14:20:22,,montgomerytown
173,62,47,2025-07-31T13:33:43,delivered,470.26,0.0,48.14,23.51,541.91,card,Ortizmouth,2025-07-31T14:04:43,2025-07-31T13:51:43,,ortizmouth
174,95,22,2024-09-03T20:57:33,delivered,315.34,0.0,37.23,15.77,368.34,card,Ericborough,2024-09-03T21:40:33,2024-09-03T21:35:33,,ericborough
175,85,50,2025-10-20T11:28:47,delivered,527.51,0.0,39.23,26.38,593.12,upi,Salaston,2025-10-20T12:11:47,2025-10-20T12:10:47,,salaston
176,24,41,2025-04-25T13:08:32,delivered,442.28,0.0,20.0,22.11,484.39,card,South Brittanytown,2025-04-25T13:40:32,2025-04-25T13:41:32,,south brittanytown
177,12,12,2026-02-26T21:59:28,delivered,1074.8,0.0,45.56,53.74,1174.1,card,Johnfurt,2026-02-26T22:34:28,2026-02-26T22:42:28,,johnfurt
178,1,47,2025-05-21T12:29:52,delivered,607.05,0.0,45.42,30.35,682.82,card,Lisatown,2025-05-21T13:00:52,2025-05-21T13:17:52,,lisatown
179,78,3,2025-10-29T19:39:58,delivered,520.15,0.0,29.62,26.01,575.78,cash,Montgomerytown,2025-10-29T19:59:58,2025-10-29T19:58:58,,montgomerytown
180,63,45,2025-05-18T18:05:16,delivered,167.15,0.0,56.31,8.36,231.82,cash,Lisahaven,2025-05-18T18:25:16,2025-05-18T18:14:16,,lisahaven
181,85,22,2026-07-13T21:49:10,delivered,486.05,0.0,61.14,24.3,571.49,card,Salaston,2026-07-13T22:32:10,2026-07-13T22:24:10,,salaston
182,40,27,2025-12-10T11:00:29,delivered,379.36,0.0,39.29,18.97,437.62,cash,New Patrick,2025-12-10T11:48:29,2025-12-10T11:46:29,,new patrick
183,76,30,2026-02-18T21:09:03,cancelled,570.27,0.0,28.56,28.51,627.34,cash,South Stevenhaven,2026-02-18T21:59:03,2026-02-18T22:10:03,customer_request,south stevenhaven
184,29,24,2026-07-21T18:05:49,delivered,1447.62,0.0,28.37,72.38,1548.37,card,Freemanbury,2026-07-21T18:28:49,2026-07-21T18:34:49,,freemanbury
185,89,26,2024-09-02T18:18:27,delivered,511.8,0.0,32.77,25.59,570.16,cash,Nelsonville,2024-09-02T19:01:27,2024-09-02T18:59:27,,nelsonville
186,69,13,2026-04-28T13:47:54,delivered,198.4,0.0,26.14,9.92,234.46,upi,Kristinastad,2026-04-28T14:34:54,2026-04-28T14:44:54,,kristinastad
187,70,21,2025-09-19T14:21:25,delivered,1027.92,0.0,56.03,51.4,1135.35,upi,West Jamesborough,2025-09-19T15:05:25,2025-09-19T14:54:25,,west jamesborough
188,93,17,2025-03-11T20:19:36,cancelled,577.46,0.0,41.35,28.87,647.68,cash,South Jonathantown,2025-03-11T20:59:36,2025-03-11T20:56:36,restaurant_unavailable,south jonathantown
189,76,45,2025-10-15T19:45:54,delivered,312.11,0.0,51.25,15.61,378.97,card,South Stevenhaven,2025-10-15T20:05:54,2025-10-15T20:16:54,,south stevenhaven
190,94,18,2026-02-13T13:21:59,delivered,333.88,0.0,56.34,16.69,406.91,upi,Millerside,2026-02-13T13:48:59,2026-02-13T13:44:59,,millerside
191,33,15,2024-09-22T13:54:38,delivered,206.98,0.0,47.95,10.35,265.28,card,Torreston,2024-09-22T14:31:38,2024-09-22T14:23:38,,torreston
192,1,5,2026-03-27T12:10:17,delivered,441.04,0.0,57.85,22.05,520.94,card,Lisatown,2026-03-27T12:30:17,2026-03-27T12:12:17,,lisatown
193,7,18,2024-10-04T14:03:06,delivered,1014.25,0.0,53.45,50.71,1118.41,cash,Samuelhaven,2024-10-04T14:30:06,2024-10-04T14:36:06,,samuelhaven
194,46,17,2024-09-10T20:29:06,pending,558.86,0.0,66.03,27.94,652.83,upi,Coffeyside,2024-09-10T21:09:06,2024-09-10T21:29:06,,coffeyside
195,34,47,2025-04-27T21:07:22,delivered,231.98,0.0,46.64,11.6,290.22,upi,Jasminemouth,2025-04-27T21:38:22,2025-04-27T21:32:22,,jasminemouth
196,61,13,2025-12-20T19:35:10,delivered,962.31,0.0,52.41,48.12,1062.84,upi,West Cassidy,2025-12-20T20:22:10,2025-12-20T20:29:10,,west cassidy
197,11,15,2026-02-27T20:19:25,delivered,187.27,0.0,42.86,9.36,239.49,upi,Shawhaven,2026-02-27T20:56:25,2026-02-27T20:47:25,,shawhaven
198,81,44,2025-01-12T11:28:12,cancelled,233.63,0.0,48.24,11.68,293.55,upi,South Dennisview,2025-01-12T12:06:12,2025-01-12T12:17:12,restaurant_unavailable,south dennisview
199,65,50,2025-08-13T12:57:35,delivered,275.34,36.9,23.47,13.77,275.68,upi,Shawchester,2025-08-13T13:40:35,2025-08-13T13:49:35,,shawchester
200,84,29,2025-07-29T18:53:59,delivered,466.29,0.0,34.06,23.31,523.66,cash,Lake Brett,2025-07-29T19:23:59,2025-07-29T19:14:59,,lake brett
201,41,47,2024-12-16T18:59:27,delivered,639.83,0.0,49.28,31.99,721.1,upi,North Terrance,2024-12-16T19:30:27,2024-12-16T19:37:27,,north terrance
202,34,14,2025-08-14T21:07:37,delivered,187.14,0.0,42.19,9.36,238.69,card,Jasminemouth,2025-08-14T21:42:37,2025-08-14T21:46:37,,jasminemouth
203,1,44,2024-11-16T19:34:51,delivered,1284.4,0.0,58.6,64.22,1407.22,cash,Lisatown,2024-11-16T20:12:51,2024-11-16T20:10:51,,lisatown
204,6,24,2025-01-17T13:03:42,delivered,409.76,0.0,52.17,20.49,482.42,upi,West Natashaport,2025-01-17T13:26:42,2025-01-17T13:30:42,,west natashaport
205,42,20,2025-05-26T12:23:51,delivered,204.98,0.0,56.6,10.25,271.83,card,Goodville,2025-05-26T12:53:51,2025-05-26T12:59:51,,goodville
206,39,39,2024-11-12T19:10:13,delivered,928.24,0.0,56.72,46.41,1031.37,card,Port Chad,2024-11-12T19:48:13,2024-11-12T19:53:13,,port chad
207,98,11,2025-07-31T11:43:20,delivered,661.4,124.12,31.39,33.07,601.74,cash,South John,2025-07-31T12:41:20,2025-07-31T12:44:20,,south john
208,86,7,2025-01-01T12:49:12,delivered,709.79,0.0,52.23,35.49,797.51,card,Lake Janet,2025-01-01T13:11:12,2025-01-01T13:15:12,,lake janet
209,75,5,2026-01-16T19:38:40,delivered,557.72,0.0,52.82,27.89,638.43,cash,East Laurabury,2026-01-16T19:58:40,2026-01-16T19:49:40,,east laurabury
210,34,24,2025-06-15T14:44:57,delivered,494.46,0.0,28.44,24.72,547.62,card,Jasminemouth,2025-06-15T15:07:57,2025-06-15T15:10:57,,jasminemouth
211,14,17,2026-04-01T21:34:49,delivered,623.35,0.0,44.28,31.17,698.8,upi,Jamesview,2026-04-01T22:14:49,2026-04-01T22:25:49,,jamesview
212,49,32,2025-01-15T13:00:32,delivered,580.29,0.0,26.87,29.01,636.17,upi,East Kristin,2025-01-15T13:42:32,2025-01-15T13:54:32,,east kristin
213,80,36,2025-10-20T18:25:03,delivered,1286.21,0.0,20.69,64.31,1371.21,card,Ferrellmouth,2025-10-20T19:18:03,2025-10-20T19:22:03,,ferrellmouth
214,35,41,2025-06-04T20:47:12,delivered,133.71,0.0,31.5,6.69,171.9,cash,Barkerfurt,2025-06-04T21:19:12,2025-06-04T21:34:12,,barkerfurt
215,86,40,2026-07-14T12:25:07,delivered,554.62,0.0,34.17,27.73,616.52,cash,Lake Janet,2026-07-14T13:14:07,2026-07-14T13:16:07,,lake janet
216,24,24,2024-10-31T14:08:00,delivered,487.59,46.86,55.76,24.38,520.87,card,South Brittanytown,2024-10-31T14:31:00,2024-10-31T14:26:00,,south brittanytown
217,74,20,2025-07-11T21:20:07,pending,409.96,0.0,35.86,20.5,466.32,card,Heatherfort,2025-07-11T21:50:07,2025-07-11T21:49:07,,heatherfort
218,95,10,2026-07-16T21:08:06,delivered,337.44,0.0,49.66,16.87,403.97,upi,Ericborough,2026-07-16T21:56:06,2026-07-16T22:00:06,,ericborough
219,33,31,2026-04-02T14:40:17,delivered,655.2,0.0,42.96,32.76,730.92,card,Torreston,2026-04-02T15:14:17,2026-04-02T15:18:17,,torreston
220,33,40,2024-12-01T21:23:55,delivered,1545.01,0.0,43.69,77.25,1665.95,card,Torreston,2024-12-01T22:12:55,2024-12-01T22:20:55,,torreston
221,75,18,2025-05-19T13:02:06,delivered,1680.21,0.0,48.76,84.01,1812.98,upi,East Laurabury,2025-05-19T13:29:06,2025-05-19T13:16:06,,east laurabury
222,92,26,2025-06-06T11:09:13,delivered,558.81,0.0,26.99,27.94,613.74,cash,Port Amyhaven,2025-06-06T11:52:13,2025-06-06T11:40:13,,port amyhaven
223,60,5,2024-12-16T13:10:50,delivered,200.86,0.0,32.18,10.04,243.08,card,South Carlos,2024-12-16T13:30:50,2024-12-16T13:32:50,,south carlos
224,12,16,2025-09-25T19:27:37,delivered,1453.0,0.0,39.82,72.65,1565.47,upi,Johnfurt,2025-09-25T19:58:37,2025-09-25T20:26:37,,johnfurt
225,11,26,2024-09-16T18:46:26,pending,407.24,0.0,40.05,20.36,467.65,upi,Shawhaven,2024-09-16T19:29:26,2024-09-16T19:36:26,,shawhaven
226,28,1,2025-08-12T14:40:29,delivered,1386.52,0.0,44.77,69.33,1500.62,upi,West Nicolebury,2025-08-12T15:33:29,2025-08-12T15:52:29,,west nicolebury
227,12,13,2025-08-17T14:29:39,delivered,252.89,0.0,46.02,12.64,311.55,cash,Johnfurt,2025-08-17T15:16:39,2025-08-17T15:08:39,,johnfurt
228,70,4,2025-10-02T13:22:57,delivered,361.42,0.0,34.68,18.07,414.17,card,West Jamesborough,2025-10-02T14:13:57,2025-10-02T14:32:57,,west jamesborough
229,68,44,2026-02-15T21:57:56,delivered,619.77,0.0,38.58,30.99,689.34,card,New Michaelshire,2026-02-15T22:35:56,2026-02-15T22:41:56,,new michaelshire
230,74,5,2024-11-04T18:01:18,delivered,539.64,0.0,33.2,26.98,599.82,upi,Heatherfort,2024-11-04T18:21:18,2024-11-04T18:21:18,,heatherfort
231,96,22,2026-01-06T13:30:23,delivered,207.76,0.0,56.04,10.39,274.19,card,East Williamport,2026-01-06T14:13:23,2026-01-06T14:01:23,,east williamport
232,81,19,2026-07-15T11:20:36,pending,684.88,0.0,23.03,34.24,742.15,card,South Dennisview,2026-07-15T12:06:36,2026-07-15T12:08:36,,south dennisview
233,97,16,2026-08-22T18:47:34,pending,511.68,0.0,48.74,25.58,586.0,upi,West Shellyfurt,2026-08-22T19:18:34,2026-08-22T19:09:34,,west shellyfurt
234,59,18,2025-02-08T11:07:19,delivered,304.92,0.0,42.31,15.25,362.48,upi,Port Michael,2025-02-08T11:34:19,2025-02-08T11:36:19,,port michael
235,81,33,2025-07-19T20:12:31,delivered,256.94,0.0,71.82,12.85,341.61,card,South Dennisview,2025-07-19T20:51:31,2025-07-19T20:57:31,,south dennisview
236,32,21,2025-06-27T20:51:28,delivered,164.64,0.0,39.9,8.23,212.77,upi,Wilsonland,2025-06-27T21:35:28,2025-06-27T21:45:28,,wilsonland
237,25,16,2025-07-03T21:40:58,delivered,260.04,0.0,48.44,13.0,321.48,upi,Port Anthonybury,2025-07-03T22:11:58,2025-07-03T22:23:58,,port anthonybury
238,2,49,2026-08-24T21:09:16,cancelled,652.47,0.0,46.61,32.62,731.7,card,Barbaraland,2026-08-24T21:45:16,2026-08-24T21:51:16,restaurant_unavailable,barbaraland
239,77,41,2025-12-05T20:40:43,delivered,2330.72,0.0,36.65,116.54,2483.91,upi,Jamesside,2025-12-05T21:12:43,2025-12-05T21:11:43,,jamesside
240,12,50,2025-03-18T12:12:49,delivered,1251.84,0.0,34.33,62.59,1348.76,upi,Johnfurt,2025-03-18T12:55:49,2025-03-18T12:48:49,,johnfurt
241,62,47,2026-03-13T20:06:13,delivered,463.96,0.0,29.03,23.2,516.19,card,Ortizmouth,2026-03-13T20:37:13,2026-03-13T20:42:13,,ortizmouth
242,97,36,2025-04-22T12:22:19,pending,283.36,0.0,49.4,14.17,346.93,cash,West Shellyfurt,2025-04-22T13:15:19,2025-04-22T13:15:19,,west shellyfurt
243,28,23,2024-09-18T13:48:50,delivered,469.01,0.0,48.32,23.45,540.78,card,West Nicolebury,2024-09-18T14:33:50,2024-09-18T14:24:50,,west nicolebury
244,96,42,2026-02-18T14:42:22,delivered,932.42,0.0,47.47,46.62,1026.51,cash,East Williamport,2026-02-18T15:16:22,2026-02-18T15:28:22,,east williamport
245,89,13,2025-02-22T20:00:46,delivered,122.24,0.0,52.83,6.11,181.18,cash,Nelsonville,2025-02-22T20:47:46,2025-02-22T20:51:46,,nelsonville
246,66,9,2026-05-06T13:33:08,delivered,553.58,0.0,45.84,27.68,627.1,card,Sarahchester,2026-05-06T14:06:08,2026-05-06T14:19:08,,sarahchester
247,10,24,2024-09-30T18:23:11,delivered,295.02,0.0,44.2,14.75,353.97,upi,South Aaron,2024-09-30T18:46:11,2024-09-30T18:56:11,,south aaron
248,48,6,2025-07-09T13:07:14,delivered,242.13,0.0,38.03,12.11,292.27,upi,Antoniostad,2025-07-09T13:58:14,2025-07-09T13:59:14,,antoniostad
249,40,16,2026-05-08T20:07:16,delivered,1300.2,0.0,46.23,65.01,1411.44,card,New Patrick,2026-05-08T20:38:16,,,new patrick
250,91,28,2025-04-09T18:50:29,delivered,205.68,0.0,26.52,10.28,242.48,upi,Hannahport,2025-04-09T19:27:29,2025-04-09T19:24:29,,hannahport
251,46,42,2026-07-24T18:11:35,delivered,484.28,0.0,33.66,24.21,542.15,cash,Coffeyside,2026-07-24T18:45:35,2026-07-24T18:34:35,,coffeyside
252,83,39,2025-07-22T19:16:31,pending,485.2,0.0,27.3,24.26,536.76,cash,South Vicki,2025-07-22T19:54:31,2025-07-22T19:30:31,,south vicki
253,97,21,2025-08-26T21:26:22,delivered,730.1,0.0,47.8,36.51,814.41,card,West Shellyfurt,2025-08-26T22:10:22,2025-08-26T22:11:22,,west shellyfurt
254,77,31,2026-08-04T18:20:24,delivered,1054.66,0.0,28.51,52.73,1135.9,card,Jamesside,2026-08-04T18:54:24,2026-08-04T19:02:24,,jamesside
255,60,26,2025-11-28T11:03:19,pending,215.82,0.0,43.68,10.79,270.29,card,South Carlos,2025-11-28T11:46:19,2025-11-28T11:53:19,,south carlos
256,33,4,2025-10-23T20:27:42,delivered,328.42,0.0,55.78,16.42,400.62,cash,Torreston,2025-10-23T21:18:42,2025-10-23T21:34:42,,torreston
257,5,17,2025-02-27T18:51:39,delivered,462.21,0.0,48.89,23.11,534.21,cash,Lake Nicoleview,2025-02-27T19:31:39,2025-02-27T19:26:39,,lake nicoleview
258,18,29,2025-11-26T20:52:18,delivered,257.02,0.0,20.0,12.85,289.87,upi,Bradleychester,2025-11-26T21:22:18,2025-11-26T21:25:18,,bradleychester
259,54,18,2024-10-21T19:35:11,delivered,468.2,0.0,34.44,23.41,526.05,card,Dannyview,2024-10-21T20:02:11,2024-10-21T20:05:11,,dannyview
260,98,21,2026-04-25T19:33:42,delivered,1338.78,0.0,37.51,66.94,1443.23,upi,South John,2026-04-25T20:17:42,2026-04-25T20:25:42,,south john
261,60,14,2025-02-26T13:23:44,delivered,187.14,0.0,39.01,9.36,235.51,upi,South Carlos,2025-02-26T13:58:44,2025-02-26T14:15:44,,south carlos
262,11,12,2024-09-18T12:58:50,delivered,658.96,0.0,33.98,32.95,725.89,cash,Shawhaven,2024-09-18T13:33:50,2024-09-18T13:30:50,,shawhaven
263,61,45,2025-12-28T19:19:13,delivered,1002.9,0.0,34.53,50.15,1087.58,cash,West Cassidy,2025-12-28T19:39:13,2025-12-28T19:26:13,,west cassidy
264,47,48,2025-12-02T20:32:04,delivered,505.53,0.0,41.47,25.28,572.28,cash,Wilsonton,2025-12-02T21:22:04,2025-12-02T20:51:04,,wilsonton
265,79,46,2025-12-14T21:33:45,delivered,1067.8,0.0,59.15,53.39,1180.34,upi,Theresaberg,2025-12-14T22:13:45,2025-12-14T22:12:45,,theresaberg
266,61,31,2026-01-09T11:01:01,delivered,213.31,0.0,37.88,10.67,261.86,cash,West Cassidy,2026-01-09T11:35:01,2026-01-09T11:26:01,,west cassidy
267,33,40,2025-03-06T12:27:49,pending,1387.13,0.0,54.38,69.36,1510.87,cash,Torreston,2025-03-06T13:16:49,2025-03-06T13:19:49,,torreston
268,81,10,2025-07-04T20:50:09,delivered,329.57,0.0,20.0,16.48,366.05,cash,South Dennisview,2025-07-04T21:38:09,2025-07-04T21:57:09,,south dennisview
269,86,37,2026-07-04T21:21:59,delivered,1075.04,0.0,52.76,53.75,1181.55,cash,Lake Janet,2026-07-04T22:05:59,2026-07-04T22:02:59,,lake janet
270,100,19,2025-09-13T12:56:29,delivered,366.14,0.0,56.91,18.31,441.36,cash,Garciafort,2025-09-13T13:42:29,2025-09-13T13:35:29,,garciafort
271,58,2,2025-03-15T19:20:27,delivered,311.52,0.0,61.15,15.58,388.25,upi,Robertsfurt,2025-03-15T19:59:27,2025-03-15T19:54:27,,robertsfurt
272,87,31,2026-07-16T11:28:22,delivered,436.8,0.0,46.08,21.84,504.72,upi,East Brent,2026-07-16T12:02:22,2026-07-16T12:02:22,,east brent
273,82,47,2026-08-22T11:33:49,cancelled,467.11,0.0,32.28,23.36,522.75,upi,Brooksmouth,2026-08-22T12:04:49,2026-08-22T12:06:49,customer_request,brooksmouth
274,24,2,2025-05-19T13:40:17,delivered,663.78,129.75,37.25,33.19,604.47,cash,South Brittanytown,2025-05-19T14:19:17,2025-05-19T14:05:17,,south brittanytown
275,17,38,2024-12-18T11:24:05,delivered,444.54,0.0,20.15,22.23,486.92,card,Darlenefurt,2024-12-18T11:45:05,,,darlenefurt
276,46,6,2026-04-14T20:22:42,delivered,314.6,0.0,34.53,15.73,364.86,upi,Coffeyside,2026-04-14T21:13:42,2026-04-14T21:11:42,,coffeyside
277,55,12,2024-11-01T21:43:45,delivered,99.72,0.0,49.37,4.99,154.08,cash,East Mollyshire,2024-11-01T22:18:45,2024-11-01T22:27:45,,east mollyshire
278,90,6,2026-06-09T12:58:02,delivered,760.84,0.0,45.14,38.04,844.02,upi,Morrisbury,2026-06-09T13:49:02,2026-06-09T13:42:02,,morrisbury
279,72,6,2025-05-18T19:48:42,delivered,670.6,0.0,40.97,33.53,745.1,upi,Sergiostad,2025-05-18T20:39:42,2025-05-18T20:26:42,,sergiostad
280,62,36,2025-05-12T20:44:25,delivered,1064.18,0.0,39.71,53.21,1157.1,upi,Ortizmouth,2025-05-12T21:37:25,2025-05-12T21:22:25,,ortizmouth
281,69,32,2026-07-30T11:13:30,delivered,145.41,0.0,53.5,7.27,206.18,upi,Kristinastad,2026-07-30T11:55:30,2026-07-30T11:48:30,,kristinastad
282,60,5,2025-05-23T14:37:15,delivered,1763.76,0.0,37.71,88.19,1889.66,upi,South Carlos,2025-05-23T14:57:15,2025-05-23T15:01:15,,south carlos
283,23,30,2026-06-25T20:33:01,delivered,1098.78,0.0,49.32,54.94,1203.04,cash,Port Nicoleshire,2026-06-25T21:23:01,2026-06-25T21:49:01,,port nicoleshire
284,95,19,2025-05-04T20:08:56,delivered,174.65,0.0,43.27,8.73,226.65,upi,Ericborough,2025-05-04T20:54:56,2025-05-04T20:58:56,,ericborough
285,39,31,2025-04-10T11:06:50,delivered,1081.82,0.0,34.51,54.09,1170.42,card,Port Chad,2025-04-10T11:40:50,2025-04-10T11:31:50,,port chad
286,40,25,2025-12-05T12:21:50,delivered,811.1,0.0,27.89,40.55,879.54,cash,New Patrick,2025-12-05T12:55:50,2025-12-05T13:04:50,,new patrick
287,93,22,2026-07-15T18:32:06,delivered,1253.99,0.0,47.79,62.7,1364.48,cash,South Jonathantown,2026-07-15T19:15:06,2026-07-15T19:12:06,,south jonathantown
288,46,16,2025-04-28T19:21:18,delivered,260.04,0.0,25.92,13.0,298.96,upi,Coffeyside,2025-04-28T19:52:18,2025-04-28T19:55:18,,coffeyside
289,8,39,2024-09-27T18:23:01,delivered,579.25,0.0,27.5,28.96,635.71,card,Lewisberg,2024-09-27T19:01:01,2024-09-27T19:03:01,,lewisberg
290,68,36,2025-03-12T18:18:26,delivered,1135.39,0.0,45.74,56.77,1237.9,cash,New Michaelshire,2025-03-12T19:11:26,2025-03-12T19:05:26,,new michaelshire
291,98,29,2024-10-31T20:25:49,delivered,1055.72,0.0,30.28,52.79,1138.79,upi,South John,2024-10-31T20:55:49,2024-10-31T21:01:49,,south john
292,53,20,2026-05-05T20:46:03,delivered,409.96,0.0,47.6,20.5,478.06,card,Lisaside,2026-05-05T21:16:03,,,lisaside
293,62,11,2024-12-25T12:14:22,delivered,201.51,0.0,42.51,10.08,254.1,cash,Ortizmouth,2024-12-25T13:12:22,2024-12-25T13:22:22,,ortizmouth
294,43,14,2026-06-24T18:27:56,delivered,935.7,0.0,57.2,46.78,1039.68,cash,East Steven,2026-06-24T19:02:56,2026-06-24T19:03:56,,east steven
295,97,36,2025-03-27T12:08:31,delivered,1453.75,0.0,50.0,72.69,1576.44,card,West Shellyfurt,2025-03-27T13:01:31,2025-03-27T12:53:31,,west shellyfurt
296,89,14,2025-08-11T21:19:23,returned,1122.84,0.0,43.98,56.14,1222.96,cash,Nelsonville,2025-08-11T21:54:23,2025-08-11T21:38:23,,nelsonville
297,39,36,2025-09-15T14:50:24,delivered,141.68,0.0,26.9,7.08,175.66,cash,Port Chad,2025-09-15T15:43:24,2025-09-15T15:51:24,,port chad
298,22,14,2025-02-19T12:02:42,delivered,393.09,0.0,66.03,19.65,478.77,card,West Matthew,2025-02-19T12:37:42,2025-02-19T12:44:42,,west matthew
299,66,23,2025-04-26T13:32:57,delivered,114.69,0.0,38.99,5.73,159.41,card,Sarahchester,2025-04-26T14:17:57,2025-04-26T14:15:57,,sarahchester
300,92,45,2025-06-28T19:01:55,delivered,167.15,0.0,47.78,8.36,223.29,card,Port Amyhaven,2025-06-28T19:21:55,2025-06-28T19:01:55,,port amyhaven
301,14,1,2025-10-25T18:24:06,cancelled,862.17,0.0,20.05,43.11,925.33,upi,Jamesview,2025-10-25T19:17:06,2025-10-25T19:12:06,customer_request,jamesview
302,85,44,2026-07-28T13:26:40,delivered,698.94,0.0,52.46,34.95,786.35,cash,Salaston,2026-07-28T14:04:40,2026-07-28T14:12:40,,salaston
303,17,8,2025-02-22T19:27:58,pending,100.22,17.23,41.04,5.01,129.04,cash,Darlenefurt,2025-02-22T20:20:58,2025-02-22T20:11:58,,darlenefurt
304,69,42,2026-03-14T12:47:34,delivered,726.42,0.0,49.13,36.32,811.87,card,Kristinastad,2026-03-14T13:21:34,2026-03-14T13:43:34,,kristinastad
305,68,14,2025-12-18T19:42:20,delivered,692.45,0.0,20.73,34.62,747.8,card,New Michaelshire,2025-12-18T20:17:20,2025-12-18T20:22:20,,new michaelshire
306,31,43,2024-10-29T21:04:34,delivered,756.61,0.0,51.86,37.83,846.3,cash,Harrytown,2024-10-29T21:38:34,2024-10-29T21:24:34,,harrytown
307,88,38,2026-02-11T13:05:52,pending,193.44,0.0,34.67,9.67,237.78,cash,New Joanne,2026-02-11T13:26:52,2026-02-11T13:24:52,,new joanne
308,32,24,2025-04-08T20:10:35,delivered,1066.75,0.0,43.19,53.34,1163.28,card,Wilsonland,2025-04-08T20:33:35,2025-04-08T20:41:35,,wilsonland
309,22,49,2024-12-05T13:16:43,returned,1125.98,0.0,31.86,56.3,1214.14,cash,West Matthew,2024-12-05T13:52:43,2024-12-05T13:59:43,,west matthew
310,21,1,2025-02-27T18:28:20,pending,261.83,0.0,53.43,13.09,328.35,cash,Stephaniemouth,2025-02-27T19:21:20,2025-02-27T19:24:20,,stephaniemouth
311,67,11,2024-12-28T11:51:40,delivered,330.7,0.0,49.23,16.54,396.47,upi,North Andrewborough,2024-12-28T12:49:40,2024-12-28T12:50:40,,north andrewborough
312,26,14,2026-07-23T14:24:20,delivered,187.14,0.0,50.61,9.36,247.11,card,West Barbarafurt,2026-07-23T14:59:20,2026-07-23T15:03:20,,west barbarafurt
313,56,4,2024-10-20T19:39:00,delivered,1009.5,0.0,46.88,50.48,1106.86,cash,Tuckermouth,2024-10-20T20:30:00,2024-10-20T20:59:00,,tuckermouth
314,84,36,2025-08-28T19:26:30,delivered,602.93,0.0,26.19,30.15,659.27,card,Lake Brett,2025-08-28T20:19:30,2025-08-28T20:24:30,,lake brett
315,11,50,2025-01-03T12:42:43,delivered,472.16,0.0,38.48,23.61,534.25,cash,Shawhaven,2025-01-03T13:25:43,2025-01-03T13:25:43,,shawhaven
316,76,24,2025-01-24T21:21:39,cancelled,650.12,0.0,46.95,32.51,729.58,card,South Stevenhaven,2025-01-24T21:44:39,2025-01-24T21:38:39,payment_failed,south stevenhaven
317,98,1,2025-08-20T14:00:04,delivered,287.39,0.0,41.07,14.37,342.83,card,South John,2025-08-20T14:53:04,2025-08-20T14:45:04,,south john
318,9,18,2026-02-07T13:01:11,cancelled,357.9,54.26,45.95,17.89,367.48,upi,East Jamesside,2026-02-07T13:28:11,2026-02-07T13:27:11,restaurant_unavailable,east jamesside
319,35,40,2026-04-27T12:09:56,delivered,502.24,0.0,44.48,25.11,571.83,card,Barkerfurt,2026-04-27T12:58:56,2026-04-27T13:03:56,,barkerfurt
320,20,33,2025-11-13T14:55:08,delivered,422.69,0.0,37.74,21.13,481.56,card,South Robertshire,2025-11-13T15:34:08,2025-11-13T15:28:08,,south robertshire
321,37,22,2024-09-14T14:30:45,delivered,611.61,0.0,38.12,30.58,680.31,cash,Port Richardhaven,2024-09-14T15:13:45,2024-09-14T15:30:45,,port richardhaven
322,35,19,2026-06-01T19:18:28,delivered,1055.23,0.0,37.17,52.76,1145.16,upi,Barkerfurt,2026-06-01T20:04:28,2026-06-01T19:58:28,,barkerfurt
323,26,8,2026-01-05T21:06:07,delivered,441.44,0.0,50.9,22.07,514.41,card,West Barbarafurt,2026-01-05T21:59:07,2026-01-05T22:08:07,,west barbarafurt
324,99,8,2025-10-24T12:18:52,delivered,577.18,0.0,36.51,28.86,642.55,cash,East Sharonville,2025-10-24T13:11:52,2025-10-24T13:06:52,,east sharonville
325,45,43,2025-05-11T11:21:50,delivered,1071.66,0.0,36.14,53.58,1161.38,upi,New Michaelberg,2025-05-11T11:55:50,2025-05-11T11:55:50,,new michaelberg
326,66,42,2024-09-18T12:34:19,pending,177.36,29.76,44.04,8.87,200.51,card,Sarahchester,2024-09-18T13:08:19,2024-09-18T13:09:19,,sarahchester
327,63,35,2025-09-24T21:36:28,delivered,337.42,0.0,33.1,16.87,387.39,card,Lisahaven,2025-09-24T22:15:28,2025-09-24T22:13:28,,lisahaven
328,69,3,2025-08-14T14:33:00,delivered,354.16,0.0,45.58,17.71,417.45,card,Kristinastad,2025-08-14T14:53:00,2025-08-14T14:33:00,,kristinastad
329,90,23,2025-10-13T21:37:12,pending,177.46,0.0,57.17,8.87,243.5,upi,Morrisbury,2025-10-13T22:22:12,2025-10-13T22:13:12,,morrisbury
330,75,8,2025-05-16T20:22:44,delivered,125.55,0.0,45.15,6.28,176.98,upi,East Laurabury,2025-05-16T21:15:44,2025-05-16T21:19:44,,east laurabury
331,26,44,2026-03-18T18:17:56,delivered,363.06,0.0,50.09,18.15,431.3,card,West Barbarafurt,2026-03-18T18:55:56,2026-03-18T19:02:56,,west barbarafurt
332,78,41,2026-01-26T12:32:02,delivered,697.75,0.0,39.04,34.89,771.68,cash,Montgomerytown,2026-01-26T13:04:02,2026-01-26T13:18:02,,montgomerytown
333,60,16,2026-04-05T19:30:52,delivered,251.64,0.0,56.97,12.58,321.19,card,South Carlos,2026-04-05T20:01:52,2026-04-05T20:02:52,,south carlos
334,23,30,2026-01-17T20:28:44,delivered,212.17,0.0,35.12,10.61,257.9,cash,Port Nicoleshire,2026-01-17T21:18:44,2026-01-17T21:19:44,,port nicoleshire
335,31,48,2025-09-15T18:52:12,delivered,322.43,0.0,30.45,16.12,369.0,card,Harrytown,2025-09-15T19:42:12,2025-09-15T19:29:12,,harrytown
336,4,33,2026-01-01T21:13:06,delivered,1102.32,0.0,34.76,55.12,1192.2,upi,Hurstfurt,2026-01-01T21:52:06,2026-01-01T21:55:06,,hurstfurt
337,89,43,2026-03-04T13:16:06,cancelled,142.96,0.0,52.38,7.15,202.49,cash,Nelsonville,2026-03-04T13:50:06,2026-03-04T13:42:06,payment_failed,nelsonville
338,43,50,2024-11-09T11:47:14,delivered,1009.79,0.0,20.0,50.49,1080.28,card,East Steven,2024-11-09T12:30:14,2024-11-09T12:32:14,,east steven
339,30,47,2025-09-24T11:08:17,delivered,437.48,73.83,43.55,21.87,429.07,upi,Kristopherbury,2025-09-24T11:39:17,2025-09-24T11:24:17,,kristopherbury
340,7,11,2025-08-01T14:33:20,delivered,387.57,0.0,33.14,19.38,440.09,card,Samuelhaven,2025-08-01T15:31:20,2025-08-01T15:49:20,,samuelhaven
341,57,30,2025-05-05T11:19:10,delivered,539.19,0.0,48.03,26.96,614.18,card,North Tylerchester,2025-05-05T12:09:10,2025-05-05T12:22:10,,north tylerchester
342,19,16,2026-03-20T18:52:50,delivered,775.71,0.0,40.6,38.79,855.1,upi,Richardtown,2026-03-20T19:23:50,2026-03-20T19:22:50,,richardtown
343,50,50,2026-08-22T21:00:55,delivered,1335.17,0.0,39.3,66.76,1441.23,cash,East Josephberg,2026-08-22T21:43:55,2026-08-22T21:32:55,,east josephberg
344,93,43,2025-09-04T18:32:45,delivered,264.39,0.0,45.85,13.22,323.46,cash,South Jonathantown,2025-09-04T19:06:45,2025-09-04T18:42:45,,south jonathantown
345,69,49,2025-12-09T12:15:38,delivered,228.02,0.0,40.17,11.4,279.59,card,Kristinastad,2025-12-09T12:51:38,,,kristinastad
346,9,4,2025-04-01T12:34:42,delivered,741.88,0.0,24.6,37.09,803.57,card,East Jamesside,2025-04-01T13:25:42,2025-04-01T13:17:42,,east jamesside
347,65,10,2024-09-12T18:26:33,delivered,506.16,0.0,31.87,25.31,563.34,card,Shawchester,2024-09-12T19:14:33,2024-09-12T19:07:33,,shawchester
348,18,14,2025-06-01T13:40:58,delivered,561.42,0.0,48.27,28.07,637.76,upi,Bradleychester,2025-06-01T14:15:58,2025-06-01T14:03:58,,bradleychester
349,6,34,2026-05-19T21:13:33,delivered,245.67,0.0,33.55,12.28,291.5,cash,West Natashaport,2026-05-19T21:57:33,2026-05-19T21:55:33,,west natashaport
350,58,48,2024-12-09T19:03:22,delivered,168.51,0.0,51.71,8.43,228.65,card,Robertsfurt,2024-12-09T19:53:22,2024-12-09T19:49:22,,robertsfurt
351,83,6,2025-04-27T14:32:26,delivered,557.15,0.0,31.01,27.86,616.02,cash,South Vicki,2025-04-27T15:23:26,2025-04-27T15:16:26,,south vicki
352,12,35,2024-09-09T14:57:06,delivered,848.87,0.0,44.3,42.44,935.61,cash,Johnfurt,2024-09-09T15:36:06,2024-09-09T15:32:06,,johnfurt
353,1,25,2024-10-17T13:34:15,delivered,1297.2,0.0,40.59,64.86,1402.65,card,Lisatown,2024-10-17T14:08:15,2024-10-17T14:29:15,,lisatown
354,41,23,2024-11-16T21:46:31,delivered,784.94,0.0,29.5,39.25,853.69,cash,North Terrance,2024-11-16T22:31:31,2024-11-16T22:22:31,,north terrance
355,89,41,2026-05-27T18:21:47,delivered,267.42,0.0,35.39,13.37,316.18,card,Nelsonville,2026-05-27T18:53:47,2026-05-27T18:43:47,,nelsonville
356,69,7,2025-03-12T21:42:38,delivered,684.56,0.0,36.75,34.23,755.54,upi,Kristinastad,2025-03-12T22:04:38,2025-03-12T21:53:38,,kristinastad
357,87,46,2025-01-16T18:30:40,delivered,1228.02,0.0,41.59,61.4,1331.01,cash,East Brent,2025-01-16T19:10:40,2025-01-16T19:08:40,,east brent
358,25,46,2025-02-11T18:25:21,delivered,224.35,0.0,38.62,11.22,274.19,upi,Port Anthonybury,2025-02-11T19:05:21,2025-02-11T19:23:21,,port anthonybury
359,51,32,2025-10-19T21:29:41,cancelled,407.96,0.0,35.09,20.4,463.45,cash,Simmonsville,2025-10-19T22:11:41,2025-10-19T22:20:41,customer_request,simmonsville
360,43,48,2024-09-30T14:53:10,delivered,1210.78,0.0,52.09,60.54,1323.41,card,East Steven,2024-09-30T15:43:10,2024-09-30T15:30:10,,east steven
361,12,24,2025-08-07T13:49:44,delivered,247.23,0.0,41.94,12.36,301.53,card,Johnfurt,2025-08-07T14:12:44,2025-08-07T14:07:44,,johnfurt
362,61,35,2025-01-17T14:30:17,delivered,337.42,0.0,31.44,16.87,385.73,cash,West Cassidy,2025-01-17T15:09:17,2025-01-17T15:15:17,,west cassidy
363,63,9,2025-02-23T20:50:51,delivered,160.34,0.0,45.77,8.02,214.13,cash,Lisahaven,2025-02-23T21:23:51,2025-02-23T21:30:51,,lisahaven
364,52,39,2026-04-17T18:36:13,delivered,556.55,0.0,20.92,27.83,605.3,card,Garciaville,2026-04-17T19:14:13,2026-04-17T19:22:13,,garciaville
365,30,34,2026-04-05T20:36:31,delivered,622.92,0.0,36.89,31.15,690.96,cash,Kristopherbury,2026-04-05T21:20:31,2026-04-05T21:10:31,,kristopherbury
366,47,17,2024-11-27T11:27:04,delivered,279.43,0.0,40.94,13.97,334.34,cash,Wilsonton,2024-11-27T12:07:04,2024-11-27T12:08:04,,wilsonton
367,80,1,2025-01-26T13:42:41,pending,2299.12,0.0,20.0,114.96,2434.08,upi,Ferrellmouth,2025-01-26T14:35:41,2025-01-26T14:35:41,,ferrellmouth
368,21,18,2025-11-19T20:00:06,delivered,333.73,0.0,26.63,16.69,377.05,card,Stephaniemouth,2025-11-19T20:27:06,2025-11-19T20:26:06,,stephaniemouth
369,19,25,2026-03-05T14:20:48,cancelled,655.26,0.0,52.75,32.76,740.77,cash,Richardtown,2026-03-05T14:54:48,2026-03-05T14:40:48,restaurant_unavailable,richardtown
370,81,9,2024-09-01T13:49:15,pending,275.65,0.0,52.66,13.78,342.09,upi,South Dennisview,2024-09-01T14:22:15,2024-09-01T14:20:15,,south dennisview
371,96,15,2025-10-10T21:54:05,delivered,404.42,0.0,48.08,20.22,472.72,cash,East Williamport,2025-10-10T22:31:05,2025-10-10T22:37:05,,east williamport
372,44,24,2024-09-11T13:07:25,delivered,310.75,0.0,30.82,15.54,357.11,card,Baileyport,2024-09-11T13:30:25,2024-09-11T13:22:25,,baileyport
373,38,15,2025-03-08T21:57:14,pending,209.44,0.0,31.54,10.47,251.45,card,Lake Eric,2025-03-08T22:34:14,2025-03-08T22:51:14,,lake eric
374,9,49,2025-11-28T13:13:00,cancelled,956.45,0.0,38.97,47.82,1043.24,cash,East Jamesside,2025-11-28T13:49:00,2025-11-28T14:03:00,restaurant_unavailable,east jamesside
375,75,37,2026-05-15T12:27:31,cancelled,186.42,0.0,44.16,9.32,239.9,card,East Laurabury,2026-05-15T13:11:31,2026-05-15T13:11:31,customer_request,east laurabury
376,95,24,2026-03-14T20:08:22,delivered,1023.03,0.0,30.32,51.15,1104.5,upi,Ericborough,2026-03-14T20:31:22,,,ericborough
377,39,7,2026-04-18T19:20:48,delivered,300.76,0.0,27.01,15.04,342.81,cash,Port Chad,2026-04-18T19:42:48,2026-04-18T19:43:48,,port chad
378,29,25,2024-12-23T19:47:00,delivered,423.52,0.0,32.6,21.18,477.3,card,Freemanbury,2024-12-23T20:21:00,2024-12-23T20:21:00,,freemanbury
379,100,3,2025-03-30T13:39:11,delivered,1199.2,0.0,29.75,59.96,1288.91,card,Garciafort,2025-03-30T13:59:11,2025-03-30T14:07:11,,garciafort
380,52,46,2025-06-16T19:30:03,delivered,448.7,0.0,38.15,22.44,509.29,upi,Garciaville,2025-06-16T20:10:03,2025-06-16T20:11:03,,garciaville
381,60,30,2026-05-15T13:27:11,delivered,569.3,0.0,35.83,28.46,633.59,upi,South Carlos,2026-05-15T14:17:11,2026-05-15T14:19:11,,south carlos
382,56,38,2025-01-05T21:24:05,delivered,57.66,0.0,41.39,2.88,101.93,cash,Tuckermouth,2025-01-05T21:45:05,2025-01-05T21:46:05,,tuckermouth
383,60,8,2026-02-01T12:34:46,delivered,238.48,0.0,32.6,11.92,283.0,upi,South Carlos,2026-02-01T13:27:46,2026-02-01T13:41:46,,south carlos
384,23,37,2026-08-04T18:10:38,delivered,559.26,0.0,50.68,27.96,637.9,upi,Port Nicoleshire,2026-08-04T18:54:38,,,port nicoleshire
385,58,8,2025-07-23T18:25:38,cancelled,419.3,0.0,65.14,20.96,505.4,cash,Robertsfurt,2025-07-23T19:18:38,,payment_failed,robertsfurt
386,15,35,2024-11-10T20:09:56,delivered,680.16,0.0,29.95,34.01,744.12,card,New Barry,2024-11-10T20:48:56,2024-11-10T20:54:56,,new barry
387,20,46,2024-12-08T21:18:20,delivered,249.34,0.0,55.7,12.47,317.51,card,South Robertshire,2024-12-08T21:58:20,2024-12-08T22:03:20,,south robertshire
388,20,42,2025-12-06T13:55:40,delivered,177.36,0.0,45.95,8.87,232.18,upi,South Robertshire,2025-12-06T14:29:40,2025-12-06T14:42:40,,south robertshire
389,74,18,2026-02-27T20:12:36,delivered,333.58,0.0,38.59,16.68,388.85,cash,Heatherfort,2026-02-27T20:39:36,2026-02-27T20:44:36,,heatherfort
390,92,32,2026-08-14T21:38:06,delivered,227.64,0.0,39.05,11.38,278.07,cash,Port Amyhaven,2026-08-14T22:20:06,2026-08-14T22:00:06,,port amyhaven
391,38,19,2026-01-31T12:08:30,delivered,2459.76,0.0,57.95,122.99,2640.7,upi,Lake Eric,2026-01-31T12:54:30,2026-01-31T12:45:30,,lake eric
392,39,17,2025-11-06T13:14:58,pending,754.61,0.0,49.67,37.73,842.01,card,Port Chad,2025-11-06T13:54:58,2025-11-06T13:39:58,,port chad
393,33,18,2025-03-01T18:21:38,delivered,1061.69,0.0,39.88,53.08,1154.65,cash,Torreston,2025-03-01T18:48:38,2025-03-01T18:50:38,,torreston
394,70,16,2026-03-29T21:20:09,delivered,962.94,0.0,40.49,48.15,1051.58,card,West Jamesborough,2026-03-29T21:51:09,2026-03-29T21:54:09,,west jamesborough
395,89,23,2025-09-19T19:08:51,delivered,772.45,0.0,41.71,38.62,852.78,cash,Nelsonville,2025-09-19T19:53:51,2025-09-19T19:55:51,,nelsonville
396,34,10,2025-08-20T12:35:30,delivered,151.02,0.0,43.35,7.55,201.92,upi,Jasminemouth,2025-08-20T13:23:30,2025-08-20T13:39:30,,jasminemouth
397,75,25,2024-09-13T19:45:09,delivered,102.55,19.97,33.44,5.13,121.15,upi,East Laurabury,2024-09-13T20:19:09,2024-09-13T20:13:09,,east laurabury
398,73,17,2026-02-21T20:30:47,delivered,209.34,0.0,41.3,10.47,261.11,upi,Nathanland,2026-02-21T21:10:47,2026-02-21T21:29:47,,nathanland
399,47,7,2024-09-29T14:56:29,delivered,437.82,0.0,27.63,21.89,487.34,cash,Wilsonton,2024-09-29T15:18:29,2024-09-29T15:28:29,,wilsonton
400,88,3,2024-12-15T11:53:04,delivered,281.68,0.0,32.03,14.08,327.79,upi,New Joanne,2024-12-15T12:13:04,2024-12-15T12:02:04,,new joanne
401,87,41,2025-02-18T13:06:04,delivered,793.82,0.0,35.7,39.69,869.21,card,East Brent,2025-02-18T13:38:04,2025-02-18T13:29:04,,east brent
402,16,30,2026-02-08T18:20:48,delivered,293.66,0.0,28.25,14.68,336.59,cash,Johnsonmouth,2026-02-08T19:10:48,2026-02-08T19:06:48,,johnsonmouth
403,95,18,2026-06-07T11:56:40,delivered,823.76,0.0,40.27,41.19,905.22,card,Ericborough,2026-06-07T12:23:40,2026-06-07T12:25:40,,ericborough
404,50,6,2024-09-26T12:24:15,pending,1399.26,0.0,46.72,69.96,1515.94,upi,East Josephberg,2024-09-26T13:15:15,2024-09-26T13:15:15,,east josephberg
405,96,43,2025-05-12T12:16:30,delivered,1226.15,0.0,52.75,61.31,1340.21,cash,East Williamport,2025-05-12T12:50:30,2025-05-12T12:55:30,,east williamport
406,60,44,2025-11-30T21:56:56,delivered,139.38,27.4,35.12,6.97,154.07,card,South Carlos,2025-11-30T22:34:56,2025-11-30T22:29:56,,south carlos
407,7,40,2025-05-04T20:41:34,delivered,502.24,0.0,51.64,25.11,578.99,card,Samuelhaven,2025-05-04T21:30:34,2025-05-04T21:43:34,,samuelhaven
408,59,47,2026-07-18T20:34:09,delivered,231.98,0.0,37.66,11.6,281.24,card,Port Michael,2026-07-18T21:05:09,2026-07-18T20:50:09,,port michael
409,53,3,2025-12-11T11:40:11,delivered,1646.65,0.0,31.9,82.33,1760.88,cash,Lisaside,2025-12-11T12:00:11,2025-12-11T12:11:11,,lisaside
410,42,17,2025-06-05T19:22:58,delivered,673.86,112.85,53.3,33.69,648.0,cash,Goodville,2025-06-05T20:02:58,2025-06-05T20:10:58,,goodville
411,92,17,2025-10-06T19:07:50,pending,656.27,0.0,24.7,32.81,713.78,card,Port Amyhaven,2025-10-06T19:47:50,2025-10-06T19:37:50,,port amyhaven
412,71,10,2025-09-04T21:13:12,delivered,372.13,68.66,34.72,18.61,356.8,cash,Morganburgh,2025-09-04T22:01:12,2025-09-04T22:11:12,,morganburgh
413,41,39,2026-02-26T12:35:38,delivered,743.82,0.0,45.89,37.19,826.9,cash,North Terrance,2026-02-26T13:13:38,2026-02-26T12:59:38,,north terrance
414,17,8,2024-11-26T12:59:34,delivered,86.31,0.0,28.57,4.32,119.2,card,Darlenefurt,2024-11-26T13:52:34,2024-11-26T13:35:34,,darlenefurt
415,72,17,2024-09-05T12:50:47,delivered,529.26,0.0,35.65,26.46,591.37,upi,Sergiostad,2024-09-05T13:30:47,2024-09-05T13:10:47,,sergiostad
416,51,24,2024-12-20T13:20:21,pending,162.53,0.0,39.1,8.13,209.76,upi,Simmonsville,2024-12-20T13:43:21,2024-12-20T13:48:21,,simmonsville
417,94,19,2026-03-17T20:27:14,delivered,144.58,0.0,35.65,7.23,187.46,cash,Millerside,2026-03-17T21:13:14,2026-03-17T21:13:14,,millerside
418,46,40,2024-09-01T20:34:58,delivered,382.65,61.27,33.68,19.13,374.19,upi,Coffeyside,2024-09-01T21:23:58,2024-09-01T21:23:58,,coffeyside
419,23,3,2026-04-01T21:40:01,delivered,1448.76,0.0,36.73,72.44,1557.93,cash,Port Nicoleshire,2026-04-01T22:00:01,2026-04-01T21:45:01,,port nicoleshire
420,60,47,2026-06-09T18:13:43,delivered,937.37,0.0,39.95,46.87,1024.19,card,South Carlos,2026-06-09T18:44:43,2026-06-09T18:42:43,,south carlos
421,18,26,2025-12-09T20:59:07,delivered,529.32,28.3,60.99,26.47,588.48,cash,Bradleychester,2025-12-09T21:42:07,2025-12-09T21:35:07,,bradleychester
422,12,5,2025-02-08T20:41:18,delivered,862.42,0.0,37.34,43.12,942.88,upi,Johnfurt,2025-02-08T21:01:18,2025-02-08T21:06:18,,johnfurt
423,91,25,2025-05-27T14:27:38,delivered,102.55,0.0,46.2,5.13,153.88,cash,Hannahport,2025-05-27T15:01:38,2025-05-27T15:04:38,,hannahport
424,32,27,2025-03-01T18:22:25,delivered,288.9,0.0,49.23,14.45,352.58,upi,Wilsonland,2025-03-01T19:10:25,2025-03-01T18:58:25,,wilsonland
425,61,10,2025-07-28T12:18:38,delivered,100.68,0.0,48.3,5.03,154.01,cash,West Cassidy,2025-07-28T13:06:38,2025-07-28T13:32:38,,west cassidy
426,81,18,2026-07-10T12:17:26,delivered,166.94,0.0,47.35,8.35,222.64,cash,South Dennisview,2026-07-10T12:44:26,2026-07-10T12:54:26,,south dennisview
427,35,46,2026-07-17T11:21:41,delivered,192.05,0.0,60.8,9.6,262.45,upi,Barkerfurt,2026-07-17T12:01:41,2026-07-17T12:01:41,,barkerfurt
428,53,44,2025-08-09T11:39:06,delivered,677.35,0.0,54.96,33.87,766.18,card,Lisaside,2025-08-09T12:17:06,2025-08-09T12:17:06,,lisaside
429,84,35,2025-09-23T18:44:39,delivered,226.72,0.0,62.65,11.34,300.71,cash,Lake Brett,2025-09-23T19:23:39,2025-09-23T19:36:39,,lake brett
430,99,34,2025-04-24T20:42:31,delivered,377.25,0.0,30.71,18.86,426.82,cash,East Sharonville,2025-04-24T21:26:31,2025-04-24T21:23:31,,east sharonville
431,17,31,2026-08-13T12:42:13,delivered,868.51,0.0,51.64,43.43,963.58,cash,Darlenefurt,2026-08-13T13:16:13,2026-08-13T13:06:13,,darlenefurt
432,52,13,2025-03-19T20:12:49,delivered,384.79,0.0,20.01,19.24,424.04,cash,Garciaville,2025-03-19T20:59:49,2025-03-19T21:02:49,,garciaville
433,24,2,2025-08-29T20:27:13,delivered,167.81,0.0,45.1,8.39,221.3,cash,South Brittanytown,2025-08-29T21:06:13,2025-08-29T21:07:13,,south brittanytown
434,71,13,2024-09-28T19:03:41,delivered,134.75,0.0,45.89,6.74,187.38,card,Morganburgh,2024-09-28T19:50:41,2024-09-28T19:46:41,,morganburgh
435,100,13,2025-04-06T13:13:10,delivered,531.55,0.0,36.74,26.58,594.87,cash,Garciafort,2025-04-06T14:00:10,,,garciafort
436,36,11,2024-10-13T11:30:27,delivered,878.29,0.0,38.18,43.91,960.38,card,Waltersfort,2024-10-13T12:28:27,2024-10-13T12:21:27,,waltersfort
437,56,49,2025-03-07T20:32:10,delivered,230.37,0.0,35.15,11.52,277.04,card,Tuckermouth,2025-03-07T21:08:10,2025-03-07T21:03:10,,tuckermouth
438,73,22,2024-10-16T11:54:55,delivered,910.78,0.0,29.98,45.54,986.3,cash,Nathanland,2024-10-16T12:37:55,2024-10-16T12:51:55,,nathanland
439,64,12,2026-02-09T19:58:24,cancelled,1044.62,0.0,47.0,52.23,1143.85,cash,Port Heather,2026-02-09T20:33:24,2026-02-09T20:32:24,payment_failed,port heather
440,71,24,2026-04-23T18:27:50,delivered,741.69,0.0,54.71,37.08,833.48,card,Morganburgh,2026-04-23T18:50:50,2026-04-23T18:51:50,,morganburgh
441,14,35,2024-12-27T19:07:03,delivered,368.12,0.0,48.56,18.41,435.09,card,Jamesview,2024-12-27T19:46:03,2024-12-27T19:41:03,,jamesview
442,33,4,2025-11-02T13:14:02,cancelled,1005.23,0.0,47.67,50.26,1103.16,upi,Torreston,2025-11-02T14:05:02,2025-11-02T13:48:02,restaurant_unavailable,torreston
443,11,20,2025-10-22T13:19:05,delivered,204.98,0.0,38.22,10.25,253.45,upi,Shawhaven,2025-10-22T13:49:05,2025-10-22T13:50:05,,shawhaven
444,52,50,2025-05-11T12:01:58,delivered,252.17,0.0,47.49,12.61,312.27,upi,Garciaville,2025-05-11T12:44:58,2025-05-11T12:47:58,,garciaville
445,90,4,2026-08-20T14:29:51,delivered,667.0,0.0,39.57,33.35,739.92,card,Morrisbury,2026-08-20T15:20:51,2026-08-20T15:14:51,,morrisbury
446,34,7,2025-04-06T18:08:14,delivered,143.72,0.0,24.21,7.19,175.12,card,Jasminemouth,2025-04-06T18:30:14,2025-04-06T18:24:14,,jasminemouth
447,15,8,2026-08-01T21:53:32,delivered,200.44,0.0,30.97,10.02,241.43,card,New Barry,2026-08-01T22:46:32,2026-08-01T23:05:32,,new barry
448,21,47,2024-10-22T12:15:10,delivered,636.68,0.0,20.0,31.83,688.51,upi,Stephaniemouth,2024-10-22T12:46:10,2024-10-22T12:33:10,,stephaniemouth
449,63,45,2025-07-24T20:00:37,cancelled,501.45,0.0,24.68,25.07,551.2,cash,Lisahaven,2025-07-24T20:20:37,2025-07-24T20:20:37,restaurant_unavailable,lisahaven
450,19,44,2025-03-19T14:04:11,delivered,139.38,0.0,55.89,6.97,202.24,cash,Richardtown,2025-03-19T14:42:11,2025-03-19T14:23:11,,richardtown
451,9,32,2025-01-14T11:45:59,delivered,203.98,0.0,45.63,10.2,259.81,upi,East Jamesside,2025-01-14T12:27:59,2025-01-14T12:37:59,,east jamesside
452,20,19,2025-09-29T14:48:14,delivered,1562.81,0.0,44.22,78.14,1685.17,upi,South Robertshire,2025-09-29T15:34:14,2025-09-29T15:36:14,,south robertshire
453,66,25,2024-11-12T11:36:35,delivered,218.42,0.0,41.66,10.92,271.0,upi,Sarahchester,2024-11-12T12:10:35,2024-11-12T12:02:35,,sarahchester
454,95,22,2025-08-23T21:49:26,delivered,1770.44,0.0,43.75,88.52,1902.71,cash,Ericborough,2025-08-23T22:32:26,2025-08-23T22:30:26,,ericborough
455,41,37,2026-04-18T19:50:33,delivered,699.06,0.0,24.36,34.95,758.37,cash,North Terrance,2026-04-18T20:34:33,2026-04-18T20:32:33,,north terrance
456,32,43,2024-12-09T13:32:19,delivered,490.46,0.0,46.31,24.52,561.29,cash,Wilsonland,2024-12-09T14:06:19,2024-12-09T14:09:19,,wilsonland
457,26,9,2024-10-16T20:58:56,delivered,1333.77,0.0,54.93,66.69,1455.39,card,West Barbarafurt,2024-10-16T21:31:56,2024-10-16T21:21:56,,west barbarafurt
458,32,40,2026-01-05T21:01:59,delivered,220.54,0.0,40.37,11.03,271.94,cash,Wilsonland,2026-01-05T21:50:59,2026-01-05T21:24:59,,wilsonland
459,80,46,2025-08-15T20:22:12,delivered,433.38,0.0,38.64,21.67,493.69,card,Ferrellmouth,2025-08-15T21:02:12,2025-08-15T21:07:12,,ferrellmouth
460,57,18,2025-11-10T21:02:20,delivered,1204.16,0.0,32.29,60.21,1296.66,upi,North Tylerchester,2025-11-10T21:29:20,2025-11-10T21:30:20,,north tylerchester
461,42,43,2025-10-31T13:55:41,delivered,245.23,0.0,50.14,12.26,307.63,upi,Goodville,2025-10-31T14:29:41,2025-10-31T14:39:41,,goodville
462,59,3,2026-04-23T18:23:46,pending,531.24,0.0,51.26,26.56,609.06,cash,Port Michael,2026-04-23T18:43:46,2026-04-23T18:58:46,,port michael
463,41,7,2025-07-29T20:28:02,delivered,572.73,0.0,48.77,28.64,650.14,cash,North Terrance,2025-07-29T20:50:02,2025-07-29T20:44:02,,north terrance
464,73,38,2025-06-08T14:55:27,delivered,193.44,0.0,45.14,9.67,248.25,card,Nathanland,2025-06-08T15:16:27,2025-06-08T15:16:27,,nathanland
465,26,48,2025-12-26T18:08:58,delivered,254.75,0.0,42.36,12.74,309.85,card,West Barbarafurt,2025-12-26T18:58:58,2025-12-26T19:02:58,,west barbarafurt
466,78,8,2025-10-02T19:53:16,delivered,521.24,54.11,49.73,26.06,542.92,cash,Montgomerytown,2025-10-02T20:46:16,2025-10-02T20:27:16,,montgomerytown
467,60,40,2026-01-06T21:40:11,delivered,1490.03,0.0,41.01,74.5,1605.54,card,South Carlos,2026-01-06T22:29:11,2026-01-06T22:25:11,,south carlos
468,70,14,2025-05-29T13:07:32,delivered,170.15,0.0,40.74,8.51,219.4,cash,West Jamesborough,2025-05-29T13:42:32,2025-05-29T13:51:32,,west jamesborough
469,8,27,2025-08-14T11:02:18,delivered,142.78,0.0,43.89,7.14,193.81,card,Lewisberg,2025-08-14T11:50:18,2025-08-14T11:53:18,,lewisberg
470,69,37,2024-10-31T20:05:04,delivered,588.93,0.0,52.44,29.45,670.82,cash,Kristinastad,2024-10-31T20:49:04,2024-10-31T20:51:04,,kristinastad
471,34,19,2025-10-30T19:58:15,delivered,174.65,0.0,58.49,8.73,241.87,upi,Jasminemouth,2025-10-30T20:44:15,2025-10-30T20:42:15,,jasminemouth
472,6,9,2025-05-24T12:50:26,delivered,564.66,0.0,56.03,28.23,648.92,card,West Natashaport,2025-05-24T13:23:26,2025-05-24T13:21:26,,west natashaport
473,60,44,2026-02-05T12:57:11,delivered,795.68,0.0,26.77,39.78,862.23,upi,South Carlos,2026-02-05T13:35:11,2026-02-05T13:30:11,,south carlos
474,25,19,2025-12-22T11:45:18,delivered,335.58,0.0,44.74,16.78,397.1,upi,Port Anthonybury,2025-12-22T12:31:18,2025-12-22T12:35:18,,port anthonybury
475,20,35,2026-02-20T13:46:49,cancelled,337.42,0.0,48.04,16.87,402.33,cash,South Robertshire,2026-02-20T14:25:49,2026-02-20T14:30:49,payment_failed,south robertshire
476,40,28,2025-01-26T19:33:57,delivered,1709.07,0.0,47.66,85.45,1842.18,card,New Patrick,2025-01-26T20:10:57,2025-01-26T20:02:57,,new patrick
477,51,16,2025-06-03T20:14:56,delivered,260.04,0.0,46.45,13.0,319.49,upi,Simmonsville,2025-06-03T20:45:56,2025-06-03T20:55:56,,simmonsville
478,32,48,2026-08-20T11:31:53,delivered,2419.75,0.0,40.3,120.99,2581.04,upi,Wilsonland,2026-08-20T12:21:53,2026-08-20T12:32:53,,wilsonland
479,51,24,2026-01-11T20:46:04,delivered,162.53,0.0,44.76,8.13,215.42,upi,Simmonsville,2026-01-11T21:09:04,2026-01-11T21:10:04,,simmonsville
480,23,2,2026-07-21T11:40:40,delivered,1005.87,0.0,37.64,50.29,1093.8,card,Port Nicoleshire,2026-07-21T12:19:40,2026-07-21T12:22:40,,port nicoleshire
481,10,9,2026-02-25T12:02:26,delivered,551.3,0.0,43.59,27.56,622.45,cash,South Aaron,2026-02-25T12:35:26,2026-02-25T12:13:26,,south aaron
482,61,45,2025-10-28T21:06:14,delivered,1002.9,0.0,20.0,50.15,1073.05,upi,West Cassidy,2025-10-28T21:26:14,2025-10-28T21:35:14,,west cassidy
483,72,44,2024-09-22T21:15:01,delivered,749.49,0.0,27.74,37.47,814.7,upi,Sergiostad,2024-09-22T21:53:01,2024-09-22T21:44:01,,sergiostad
484,84,30,2025-05-25T13:26:14,delivered,127.27,0.0,44.43,6.36,178.06,card,Lake Brett,2025-05-25T14:16:14,2025-05-25T14:14:14,,lake brett
485,94,36,2025-02-06T18:04:41,delivered,1248.85,0.0,31.3,62.44,1342.59,upi,Millerside,2025-02-06T18:57:41,2025-02-06T18:59:41,,millerside
486,31,31,2025-04-17T14:02:10,delivered,786.32,0.0,47.01,39.32,872.65,upi,Harrytown,2025-04-17T14:36:10,2025-04-17T14:35:10,,harrytown
487,79,34,2026-05-21T21:47:37,delivered,125.75,0.0,43.36,6.29,175.4,cash,Theresaberg,2026-05-21T22:31:37,2026-05-21T22:18:37,,theresaberg
488,46,7,2025-01-29T12:17:30,delivered,150.38,0.0,24.91,7.52,182.81,cash,Coffeyside,2025-01-29T12:39:30,2025-01-29T12:39:30,,coffeyside
489,96,35,2026-05-07T19:41:19,delivered,906.88,0.0,32.21,45.34,984.43,card,East Williamport,2026-05-07T20:20:19,2026-05-07T20:21:19,,east williamport
490,42,43,2025-07-01T21:19:47,delivered,517.01,0.0,50.13,25.85,592.99,upi,Goodville,2025-07-01T21:53:47,2025-07-01T22:21:47,,goodville
491,39,47,2026-06-04T20:58:06,delivered,231.98,0.0,42.45,11.6,286.03,card,Port Chad,2026-06-04T21:29:06,2026-06-04T21:13:06,,port chad
492,89,2,2025-06-24T12:25:00,delivered,858.76,0.0,40.99,42.94,942.69,cash,Nelsonville,2025-06-24T13:04:00,2025-06-24T12:49:00,,nelsonville
493,78,2,2025-09-22T19:59:47,pending,1445.85,162.58,50.88,72.29,1406.44,card,Montgomerytown,2025-09-22T20:38:47,2025-09-22T20:33:47,,montgomerytown
494,58,28,2025-09-07T21:40:00,delivered,737.49,0.0,21.16,36.87,795.52,upi,Robertsfurt,2025-09-07T22:17:00,2025-09-07T22:35:00,,robertsfurt
495,66,50,2025-01-02T21:41:49,pending,280.15,0.0,25.81,14.01,319.97,cash,Sarahchester,2025-01-02T22:24:49,2025-01-02T22:24:49,,sarahchester
496,68,25,2026-08-26T11:20:04,delivered,1179.03,0.0,38.32,58.95,1276.3,card,New Michaelshire,2026-08-26T11:54:04,2026-08-26T11:40:04,,new michaelshire
497,91,9,2024-08-28T20:09:53,delivered,88.98,0.0,43.31,4.45,136.74,cash,Hannahport,2024-08-28T20:42:53,2024-08-28T20:35:53,,hannahport
498,64,43,2025-07-31T19:23:11,delivered,748.1,0.0,37.39,37.41,822.9,upi,Port Heather,2025-07-31T19:57:11,2025-07-31T19:55:11,,port heather
499,32,13,2026-07-26T12:55:45,delivered,1437.66,0.0,39.83,71.88,1549.37,cash,Wilsonland,2026-07-26T13:42:45,2026-07-26T13:43:45,,wilsonland
500,92,18,2025-10-09T13:06:54,delivered,166.94,0.0,43.74,8.35,219.03,card,Port Amyhaven,2025-10-09T13:33:54,2025-10-09T13:34:54,,port amyhaven
501,44,38,2024-10-12T18:42:03,delivered,705.34,0.0,39.46,35.27,780.07,card,Baileyport,2024-10-12T19:03:03,2024-10-12T19:04:03,,baileyport
502,41,48,2026-04-29T11:58:05,pending,505.53,0.0,33.32,25.28,564.13,upi,North Terrance,2026-04-29T12:48:05,2026-04-29T12:29:05,,north terrance
503,95,45,2026-04-13T21:19:03,delivered,501.45,0.0,42.09,25.07,568.61,upi,Ericborough,2026-04-13T21:39:03,2026-04-13T21:35:03,,ericborough
504,30,9,2024-09-22T11:53:10,pending,285.9,0.0,41.25,14.29,341.44,cash,Kristopherbury,2024-09-22T12:26:10,2024-09-22T12:18:10,,kristopherbury
505,38,8,2025-12-05T13:13:29,delivered,777.78,0.0,49.0,38.89,865.67,upi,Lake Eric,2025-12-05T14:06:29,2025-12-05T14:06:29,,lake eric
506,77,13,2026-02-16T12:58:22,delivered,646.14,0.0,37.31,32.31,715.76,card,Jamesside,2026-02-16T13:45:22,2026-02-16T13:20:22,,jamesside
507,18,16,2025-12-30T20:48:59,delivered,520.08,0.0,35.84,26.0,581.92,upi,Bradleychester,2025-12-30T21:19:59,2025-12-30T20:52:59,,bradleychester
508,56,44,2026-04-15T19:42:21,delivered,645.48,0.0,45.05,32.27,722.8,card,Tuckermouth,2026-04-15T20:20:21,2026-04-15T20:11:21,,tuckermouth
509,68,26,2025-02-04T21:54:49,delivered,872.61,0.0,36.21,43.63,952.45,upi,New Michaelshire,2025-02-04T22:37:49,2025-02-04T22:17:49,,new michaelshire
510,92,4,2025-11-10T21:52:43,delivered,978.58,0.0,36.67,48.93,1064.18,card,Port Amyhaven,2025-11-10T22:43:43,2025-11-10T22:37:43,,port amyhaven
511,78,45,2025-06-07T14:05:21,delivered,501.45,0.0,64.29,25.07,590.81,cash,Montgomerytown,2025-06-07T14:25:21,2025-06-07T14:21:21,,montgomerytown
512,90,6,2026-03-15T14:20:08,delivered,167.65,0.0,43.88,8.38,219.91,upi,Morrisbury,2026-03-15T15:11:08,,,morrisbury
513,76,34,2025-09-17T13:54:34,delivered,497.17,0.0,27.79,24.86,549.82,upi,South Stevenhaven,2025-09-17T14:38:34,2025-09-17T14:29:34,,south stevenhaven
514,52,15,2025-05-12T13:23:03,delivered,215.06,0.0,30.4,10.75,256.21,upi,Garciaville,2025-05-12T14:00:03,2025-05-12T14:03:03,,garciaville
515,57,43,2025-07-17T20:15:11,cancelled,133.11,0.0,23.84,6.66,163.61,cash,North Tylerchester,2025-07-17T20:49:11,2025-07-17T20:42:11,restaurant_unavailable,north tylerchester
516,63,16,2024-12-11T20:46:40,delivered,754.92,0.0,36.54,37.75,829.21,cash,Lisahaven,2024-12-11T21:17:40,2024-12-11T21:00:40,,lisahaven
517,62,37,2026-02-11T19:36:16,delivered,392.62,0.0,45.05,19.63,457.3,cash,Ortizmouth,2026-02-11T20:20:16,2026-02-11T20:00:16,,ortizmouth
518,96,44,2024-10-01T19:18:17,delivered,329.87,0.0,29.4,16.49,375.76,cash,East Williamport,2024-10-01T19:56:17,2024-10-01T19:56:17,,east williamport
519,76,3,2025-06-22T14:40:38,delivered,1022.12,103.33,44.08,51.11,1013.98,upi,South Stevenhaven,2025-06-22T15:00:38,2025-06-22T14:59:38,,south stevenhaven
520,22,12,2026-06-02T12:13:47,delivered,533.94,0.0,20.0,26.7,580.64,upi,West Matthew,2026-06-02T12:48:47,2026-06-02T12:37:47,,west matthew
521,32,50,2025-08-07T13:58:34,delivered,2672.08,0.0,20.0,133.6,2825.68,cash,Wilsonland,2025-08-07T14:41:34,2025-08-07T14:38:34,,wilsonland
522,27,43,2025-02-24T18:34:25,delivered,333.36,0.0,64.14,16.67,414.17,upi,Alexanderchester,2025-02-24T19:08:25,2025-02-24T19:05:25,,alexanderchester
523,61,20,2025-07-02T19:12:40,delivered,185.54,0.0,56.32,9.28,251.14,cash,West Cassidy,2025-07-02T19:42:40,2025-07-02T19:28:40,,west cassidy
524,54,20,2025-07-24T19:35:32,delivered,614.94,0.0,48.21,30.75,693.9,upi,Dannyview,2025-07-24T20:05:32,2025-07-24T20:02:32,,dannyview
525,99,32,2026-02-26T21:29:32,cancelled,386.86,0.0,53.17,19.34,459.37,upi,East Sharonville,2026-02-26T22:11:32,2026-02-26T22:07:32,customer_request,east sharonville
526,29,43,2025-02-22T19:07:45,delivered,738.97,0.0,34.2,36.95,810.12,upi,Freemanbury,2025-02-22T19:41:45,2025-02-22T19:42:45,,freemanbury
527,50,25,2026-05-04T11:46:10,delivered,218.42,0.0,36.8,10.92,266.14,card,East Josephberg,2026-05-04T12:20:10,2026-05-04T12:56:10,,east josephberg
528,49,30,2024-09-09T20:16:36,delivered,934.9,0.0,42.46,46.75,1024.11,card,East Kristin,2024-09-09T21:06:36,2024-09-09T21:00:36,,east kristin
529,69,11,2024-12-12T20:18:54,delivered,1235.4,0.0,46.84,61.77,1344.01,upi,Kristinastad,2024-12-12T21:16:54,2024-12-12T21:04:54,,kristinastad
530,96,29,2024-11-01T12:10:55,delivered,2529.6,0.0,49.31,126.48,2705.39,upi,East Williamport,2024-11-01T12:40:55,2024-11-01T12:36:55,,east williamport
531,96,19,2026-01-05T12:47:12,delivered,183.07,26.35,33.72,9.15,199.59,upi,East Williamport,2026-01-05T13:33:12,2026-01-05T13:29:12,,east williamport
532,100,20,2025-12-19T18:14:44,delivered,1639.84,0.0,45.19,81.99,1767.02,card,Garciafort,2025-12-19T18:44:44,2025-12-19T18:31:44,,garciafort
533,54,9,2026-04-29T18:28:05,delivered,196.62,0.0,45.44,9.83,251.89,cash,Dannyview,2026-04-29T19:01:05,2026-04-29T19:11:05,,dannyview
534,95,18,2025-12-12T13:48:26,delivered,178.95,0.0,30.43,8.95,218.33,card,Ericborough,2025-12-12T14:15:26,2025-12-12T14:06:26,,ericborough
535,48,2,2025-04-14T14:00:20,delivered,533.93,0.0,38.38,26.7,599.01,upi,Antoniostad,2025-04-14T14:39:20,2025-04-14T14:48:20,,antoniostad
536,23,47,2026-05-13T19:43:19,delivered,437.48,0.0,43.7,21.87,503.05,upi,Port Nicoleshire,2026-05-13T20:14:19,2026-05-13T20:09:19,,port nicoleshire
537,24,29,2025-04-30T19:59:54,delivered,109.91,0.0,31.71,5.5,147.12,upi,South Brittanytown,2025-04-30T20:29:54,2025-04-30T20:18:54,,south brittanytown
538,21,41,2025-11-19T20:01:52,delivered,583.95,0.0,38.35,29.2,651.5,cash,Stephaniemouth,2025-11-19T20:33:52,2025-11-19T20:38:52,,stephaniemouth
539,18,32,2025-09-27T21:46:30,delivered,203.98,0.0,35.56,10.2,249.74,card,Bradleychester,2025-09-27T22:28:30,2025-09-27T22:31:30,,bradleychester
540,27,40,2026-05-05T21:30:08,delivered,210.46,0.0,43.91,10.52,264.89,cash,Alexanderchester,2026-05-05T22:19:08,2026-05-05T22:25:08,,alexanderchester
541,92,31,2026-04-05T21:49:49,delivered,1254.97,0.0,41.54,62.75,1359.26,card,Port Amyhaven,2026-04-05T22:23:49,2026-04-05T22:02:49,,port amyhaven
542,49,40,2026-07-08T19:53:33,delivered,158.92,0.0,44.2,7.95,211.07,cash,East Kristin,2026-07-08T20:42:33,2026-07-08T20:43:33,,east kristin
543,35,44,2026-03-17T13:51:32,delivered,281.22,0.0,54.64,14.06,349.92,card,Barkerfurt,2026-03-17T14:29:32,2026-03-17T14:32:32,,barkerfurt
544,28,6,2025-06-10T19:56:01,delivered,469.05,0.0,41.29,23.45,533.79,upi,West Nicolebury,2025-06-10T20:47:01,,,west nicolebury
545,97,19,2025-01-13T12:09:12,pending,335.58,0.0,63.41,16.78,415.77,card,West Shellyfurt,2025-01-13T12:55:12,2025-01-13T12:57:12,,west shellyfurt
546,86,36,2026-01-16T20:49:22,delivered,313.51,0.0,30.57,15.68,359.76,card,Lake Janet,2026-01-16T21:42:22,2026-01-16T21:42:22,,lake janet
547,8,39,2025-03-26T14:58:37,delivered,223.95,0.0,59.17,11.2,294.32,card,Lewisberg,2025-03-26T15:36:37,2025-03-26T15:46:37,,lewisberg
548,11,41,2025-08-02T20:51:26,delivered,213.79,0.0,41.44,10.69,265.92,upi,Shawhaven,2025-08-02T21:23:26,2025-08-02T21:43:26,,shawhaven
549,62,20,2024-11-02T13:57:20,delivered,1938.61,0.0,46.82,96.93,2082.36,cash,Ortizmouth,2024-11-02T14:27:20,2024-11-02T14:27:20,,ortizmouth
550,40,46,2026-07-27T13:31:13,delivered,321.46,0.0,46.88,16.07,384.41,upi,New Patrick,2026-07-27T14:11:13,2026-07-27T14:00:13,,new patrick
551,76,38,2026-08-11T11:22:57,delivered,1113.49,0.0,52.73,55.67,1221.89,upi,South Stevenhaven,2026-08-11T11:43:57,2026-08-11T11:34:57,,south stevenhaven
552,99,44,2026-05-20T12:30:31,delivered,641.2,0.0,46.69,32.06,719.95,card,East Sharonville,2026-05-20T13:08:31,2026-05-20T13:15:31,,east sharonville
553,22,18,2024-10-11T20:37:33,delivered,1180.59,0.0,32.75,59.03,1272.37,upi,West Matthew,2024-10-11T21:04:33,2024-10-11T21:04:33,,west matthew
554,49,36,2025-07-16T13:20:00,pending,814.61,0.0,37.56,40.73,892.9,cash,East Kristin,2025-07-16T14:13:00,2025-07-16T14:09:00,,east kristin
555,32,26,2025-02-10T21:29:42,delivered,358.53,0.0,48.96,17.93,425.42,upi,Wilsonland,2025-02-10T22:12:42,2025-02-10T22:05:42,,wilsonland
556,16,1,2025-03-28T12:11:25,delivered,574.78,0.0,35.17,28.74,638.69,cash,Johnsonmouth,2025-03-28T13:04:25,2025-03-28T13:13:25,,johnsonmouth
557,35,15,2024-09-15T18:33:10,delivered,206.98,0.0,38.09,10.35,255.42,card,Barkerfurt,2024-09-15T19:10:10,2024-09-15T19:01:10,,barkerfurt
558,14,3,2025-03-10T18:26:57,delivered,177.08,0.0,23.91,8.85,209.84,cash,Jamesview,2025-03-10T18:46:57,2025-03-10T18:42:57,,jamesview
559,38,6,2025-12-21T21:25:50,delivered,229.72,0.0,42.48,11.49,283.69,cash,Lake Eric,2025-12-21T22:16:50,2025-12-21T22:15:50,,lake eric
560,23,25,2025-09-25T13:00:40,delivered,539.39,0.0,32.53,26.97,598.89,cash,Port Nicoleshire,2025-09-25T13:34:40,2025-09-25T13:44:40,,port nicoleshire
561,23,15,2025-08-01T19:53:57,delivered,201.74,0.0,31.16,10.09,242.99,upi,Port Nicoleshire,2025-08-01T20:30:57,2025-08-01T20:47:57,,port nicoleshire
562,18,6,2025-04-07T21:53:44,delivered,931.29,0.0,35.92,46.56,1013.77,upi,Bradleychester,2025-04-07T22:44:44,2025-04-07T22:46:44,,bradleychester
563,93,13,2024-12-29T21:27:42,delivered,629.16,0.0,29.5,31.46,690.12,upi,South Jonathantown,2024-12-29T22:14:42,2024-12-29T21:56:42,,south jonathantown
564,16,50,2025-12-25T19:23:37,delivered,802.85,0.0,36.86,40.14,879.85,cash,Johnsonmouth,2025-12-25T20:06:37,,,johnsonmouth
565,61,43,2026-08-02T13:40:21,delivered,285.75,0.0,49.89,14.29,349.93,upi,West Cassidy,2026-08-02T14:14:21,2026-08-02T14:14:21,,west cassidy
566,22,4,2024-11-01T11:20:47,delivered,226.0,0.0,33.86,11.3,271.16,card,West Matthew,2024-11-01T12:11:47,2024-11-01T12:35:47,,west matthew
567,95,15,2024-11-10T13:11:48,delivered,840.92,0.0,37.2,42.05,920.17,upi,Ericborough,2024-11-10T13:48:48,2024-11-10T13:49:48,,ericborough
568,9,42,2026-06-10T18:12:05,delivered,631.56,0.0,35.88,31.58,699.02,cash,East Jamesside,2026-06-10T18:46:05,2026-06-10T19:02:05,,east jamesside
569,4,20,2025-12-18T13:35:09,delivered,409.96,0.0,24.94,20.5,455.4,upi,Hurstfurt,2025-12-18T14:05:09,2025-12-18T14:14:09,,hurstfurt
570,91,21,2025-02-08T13:36:12,delivered,122.92,0.0,49.28,6.15,178.35,cash,Hannahport,2025-02-08T14:20:12,2025-02-08T14:07:12,,hannahport
571,25,25,2025-08-26T12:04:44,cancelled,860.36,0.0,31.13,43.02,934.51,card,Port Anthonybury,2025-08-26T12:38:44,2025-08-26T12:26:44,payment_failed,port anthonybury
572,4,42,2025-01-15T14:53:03,delivered,665.25,78.01,57.58,33.26,678.08,cash,Hurstfurt,2025-01-15T15:27:03,2025-01-15T15:30:03,,hurstfurt
573,81,41,2026-04-12T20:25:13,delivered,660.94,0.0,44.08,33.05,738.07,upi,South Dennisview,2026-04-12T20:57:13,2026-04-12T20:39:13,,south dennisview
574,52,25,2026-06-15T20:39:04,pending,102.55,0.0,26.57,5.13,134.25,cash,Garciaville,2026-06-15T21:13:04,2026-06-15T21:15:04,,garciaville
575,54,2,2025-07-26T21:51:26,delivered,1774.1,0.0,55.84,88.7,1918.64,upi,Dannyview,2025-07-26T22:30:26,2025-07-26T22:34:26,,dannyview
576,32,25,2024-09-26T14:23:06,delivered,205.1,0.0,41.64,10.26,257.0,card,Wilsonland,2024-09-26T14:57:06,2024-09-26T14:58:06,,wilsonland
577,29,37,2026-03-21T21:38:23,delivered,357.86,0.0,40.34,17.89,416.09,card,Freemanbury,2026-03-21T22:22:23,2026-03-21T22:27:23,,freemanbury
578,66,44,2025-03-14T14:10:57,returned,93.31,0.0,54.41,4.67,152.39,cash,Sarahchester,2025-03-14T14:48:57,2025-03-14T14:56:57,,sarahchester
579,18,19,2025-07-09T14:02:22,delivered,495.67,0.0,48.79,24.78,569.24,cash,Bradleychester,2025-07-09T14:48:22,2025-07-09T14:27:22,,bradleychester
580,11,32,2025-10-31T20:40:27,delivered,539.37,0.0,43.22,26.97,609.56,upi,Shawhaven,2025-10-31T21:22:27,2025-10-31T21:26:27,,shawhaven
581,83,26,2025-01-19T21:34:11,delivered,390.96,0.0,22.4,19.55,432.91,card,South Vicki,2025-01-19T22:17:11,2025-01-19T22:26:11,,south vicki
582,7,37,2026-05-17T13:29:11,delivered,1789.68,337.02,55.34,89.48,1597.48,card,Samuelhaven,2026-05-17T14:13:11,2026-05-17T14:04:11,,samuelhaven
583,50,9,2026-04-03T19:38:15,delivered,561.25,0.0,21.32,28.06,610.63,cash,East Josephberg,2026-04-03T20:11:15,2026-04-03T19:42:15,,east josephberg
584,35,13,2025-12-10T11:38:00,delivered,350.13,0.0,34.48,17.51,402.12,upi,Barkerfurt,2025-12-10T12:25:00,2025-12-10T12:37:00,,barkerfurt
585,77,43,2025-07-15T18:18:34,cancelled,674.11,0.0,35.87,33.71,743.69,upi,Jamesside,2025-07-15T18:52:34,2025-07-15T18:45:34,customer_request,jamesside
586,85,49,2025-12-22T21:27:39,delivered,1475.31,0.0,41.58,73.77,1590.66,card,Salaston,2025-12-22T22:03:39,2025-12-22T22:06:39,,salaston
587,6,24,2026-06-22T18:14:11,delivered,162.53,0.0,43.2,8.13,213.86,cash,West Natashaport,2026-06-22T18:37:11,2026-06-22T18:27:11,,west natashaport
588,42,33,2026-03-06T19:46:59,delivered,711.65,35.95,27.56,35.58,738.84,card,Goodville,2026-03-06T20:25:59,2026-03-06T20:31:59,,goodville
589,91,30,2025-07-26T12:28:58,cancelled,944.54,0.0,32.42,47.23,1024.19,upi,Hannahport,2025-07-26T13:18:58,2025-07-26T13:12:58,restaurant_unavailable,hannahport
590,76,39,2026-04-01T11:02:29,delivered,733.14,0.0,38.71,36.66,808.51,upi,South Stevenhaven,2026-04-01T11:40:29,2026-04-01T11:38:29,,south stevenhaven
591,95,18,2026-01-28T14:15:13,delivered,1334.77,0.0,32.33,66.74,1433.84,cash,Ericborough,2026-01-28T14:42:13,2026-01-28T14:36:13,,ericborough
592,77,32,2025-06-30T19:03:12,delivered,1083.54,0.0,48.98,54.18,1186.7,upi,Jamesside,2025-06-30T19:45:12,,,jamesside
593,66,31,2026-04-15T12:48:59,delivered,213.31,0.0,35.6,10.67,259.58,cash,Sarahchester,2026-04-15T13:22:59,2026-04-15T13:15:59,,sarahchester
594,85,45,2026-03-25T19:13:19,delivered,167.15,0.0,25.82,8.36,201.33,upi,Salaston,2026-03-25T19:33:19,2026-03-25T19:14:19,,salaston
595,73,13,2025-01-28T14:35:40,cancelled,1134.2,0.0,28.49,56.71,1219.4,cash,Nathanland,2025-01-28T15:22:40,2025-01-28T15:21:40,customer_request,nathanland
596,77,40,2025-05-25T20:57:01,delivered,1478.69,0.0,34.03,73.93,1586.65,upi,Jamesside,2025-05-25T21:46:01,2025-05-25T21:39:01,,jamesside
597,7,41,2025-08-28T19:38:51,delivered,203.96,0.0,37.88,10.2,252.04,cash,Samuelhaven,2025-08-28T20:10:51,2025-08-28T20:19:51,,samuelhaven
598,100,24,2025-06-09T14:21:02,delivered,247.23,0.0,34.37,12.36,293.96,cash,Garciafort,2025-06-09T14:44:02,2025-06-09T14:55:02,,garciafort
599,16,22,2025-11-23T19:44:24,delivered,1636.34,0.0,41.2,81.82,1759.36,upi,Johnsonmouth,2025-11-23T20:27:24,2025-11-23T20:23:24,,johnsonmouth
600,22,43,2026-05-09T11:15:04,delivered,426.16,0.0,27.69,21.31,475.16,card,West Matthew,2026-05-09T11:49:04,2026-05-09T11:56:04,,west matthew
601,88,19,2024-12-07T13:07:03,delivered,870.72,0.0,36.7,43.54,950.96,card,New Joanne,2024-12-07T13:53:03,2024-12-07T13:53:03,,new joanne
602,90,32,2024-10-03T19:37:55,delivered,891.65,0.0,21.33,44.58,957.56,card,Morrisbury,2024-10-03T20:19:55,2024-10-03T20:08:55,,morrisbury
603,69,31,2024-12-19T12:26:32,delivered,645.02,0.0,42.83,32.25,720.1,card,Kristinastad,2024-12-19T13:00:32,2024-12-19T12:48:32,,kristinastad
604,31,30,2025-05-27T13:00:47,delivered,614.54,0.0,26.46,30.73,671.73,cash,Harrytown,2025-05-27T13:50:47,2025-05-27T13:57:47,,harrytown
605,20,46,2026-01-05T20:37:10,cancelled,847.38,0.0,22.99,42.37,912.74,upi,South Robertshire,2026-01-05T21:17:10,2026-01-05T21:19:10,restaurant_unavailable,south robertshire
606,34,23,2024-10-18T13:57:11,delivered,894.92,0.0,48.79,44.75,988.46,card,Jasminemouth,2024-10-18T14:42:11,2024-10-18T14:51:11,,jasminemouth
607,63,3,2025-06-07T20:54:10,delivered,354.16,0.0,46.49,17.71,418.36,card,Lisahaven,2025-06-07T21:14:10,2025-06-07T21:14:10,,lisahaven
608,95,36,2024-12-01T11:27:39,delivered,1278.28,0.0,46.5,63.91,1388.69,cash,Ericborough,2024-12-01T12:20:39,2024-12-01T12:22:39,,ericborough
609,87,1,2025-11-12T14:35:21,pending,574.78,0.0,39.76,28.74,643.28,card,East Brent,2025-11-12T15:28:21,2025-11-12T15:28:21,,east brent
610,24,5,2025-07-29T20:48:09,delivered,853.92,0.0,40.0,42.7,936.62,cash,South Brittanytown,2025-07-29T21:08:09,2025-07-29T21:08:09,,south brittanytown
611,34,45,2025-01-28T11:09:50,delivered,167.15,0.0,52.91,8.36,228.42,upi,Jasminemouth,2025-01-28T11:29:50,2025-01-28T11:29:50,,jasminemouth
612,8,15,2025-06-19T13:44:52,delivered,814.66,0.0,28.16,40.73,883.55,card,Lewisberg,2025-06-19T14:21:52,2025-06-19T14:24:52,,lewisberg
613,8,3,2026-02-05T14:45:38,delivered,458.76,0.0,37.85,22.94,519.55,card,Lewisberg,2026-02-05T15:05:38,2026-02-05T14:48:38,,lewisberg
614,54,4,2024-11-05T18:18:20,delivered,376.28,0.0,34.78,18.81,429.87,card,Dannyview,2024-11-05T19:09:20,2024-11-05T19:14:20,,dannyview
615,26,42,2025-03-07T11:26:41,delivered,596.86,0.0,37.89,29.84,664.59,card,West Barbarafurt,2025-03-07T12:00:41,2025-03-07T11:52:41,,west barbarafurt
616,76,25,2025-12-31T18:09:55,delivered,949.59,0.0,38.66,47.48,1035.73,card,South Stevenhaven,2025-12-31T18:43:55,2025-12-31T18:42:55,,south stevenhaven
617,62,12,2025-07-16T20:13:09,delivered,1371.96,0.0,53.27,68.6,1493.83,cash,Ortizmouth,2025-07-16T20:48:09,2025-07-16T20:51:09,,ortizmouth
618,48,20,2025-03-20T11:49:25,delivered,204.98,0.0,44.7,10.25,259.93,upi,Antoniostad,2025-03-20T12:19:25,2025-03-20T12:21:25,,antoniostad
619,80,41,2026-01-03T18:36:56,delivered,1606.27,0.0,34.06,80.31,1720.64,card,Ferrellmouth,2026-01-03T19:08:56,2026-01-03T19:08:56,,ferrellmouth
620,95,8,2026-06-08T20:39:06,returned,251.1,0.0,42.42,12.55,306.07,card,Ericborough,2026-06-08T21:32:06,2026-06-08T21:19:06,,ericborough
621,57,10,2024-10-26T20:01:19,delivered,303.76,0.0,47.32,15.19,366.27,upi,North Tylerchester,2024-10-26T20:49:19,2024-10-26T20:53:19,,north tylerchester
622,74,14,2026-05-30T18:46:15,delivered,748.56,0.0,30.4,37.43,816.39,upi,Heatherfort,2026-05-30T19:21:15,2026-05-30T19:16:15,,heatherfort
623,2,49,2026-07-12T21:42:04,delivered,871.9,0.0,20.0,43.6,935.5,card,Barbaraland,2026-07-12T22:18:04,2026-07-12T22:07:04,,barbaraland
624,22,27,2026-01-01T19:45:54,delivered,158.4,0.0,36.6,7.92,202.92,card,West Matthew,2026-01-01T20:33:54,2026-01-01T20:21:54,,west matthew
625,26,30,2025-09-05T19:49:18,delivered,241.85,0.0,42.7,12.09,296.64,upi,West Barbarafurt,2025-09-05T20:39:18,2025-09-05T20:33:18,,west barbarafurt
626,11,11,2025-03-26T11:58:55,delivered,246.46,0.0,29.32,12.32,288.1,cash,Shawhaven,2025-03-26T12:56:55,2025-03-26T13:02:55,,shawhaven
627,90,28,2025-01-14T11:00:16,delivered,354.54,0.0,25.26,17.73,397.53,card,Morrisbury,2025-01-14T11:37:16,2025-01-14T11:28:16,,morrisbury
628,15,45,2024-09-21T12:48:06,delivered,334.3,0.0,39.28,16.71,390.29,cash,New Barry,2024-09-21T13:08:06,2024-09-21T13:13:06,,new barry
629,81,28,2024-11-11T21:06:52,delivered,335.19,0.0,41.5,16.76,393.45,cash,South Dennisview,2024-11-11T21:43:52,2024-11-11T21:49:52,,south dennisview
630,46,42,2024-11-14T11:39:37,delivered,448.38,43.92,35.11,22.42,461.99,card,Coffeyside,2024-11-14T12:13:37,2024-11-14T12:26:37,,coffeyside
631,22,40,2026-05-30T19:30:16,delivered,251.12,0.0,35.28,12.56,298.96,cash,West Matthew,2026-05-30T20:19:16,2026-05-30T20:11:16,,west matthew
632,80,37,2026-08-16T19:43:08,delivered,196.31,0.0,26.0,9.82,232.13,card,Ferrellmouth,2026-08-16T20:27:08,2026-08-16T20:30:08,,ferrellmouth
633,62,19,2025-10-30T19:54:10,delivered,670.56,0.0,35.05,33.53,739.14,card,Ortizmouth,2025-10-30T20:40:10,2025-10-30T20:40:10,,ortizmouth
634,79,35,2024-08-26T19:28:51,delivered,959.57,0.0,20.0,47.98,1027.55,cash,Theresaberg,2024-08-26T20:07:51,2024-08-26T20:28:51,,theresaberg
635,66,1,2026-06-19T18:04:05,delivered,1436.95,0.0,29.1,71.85,1537.9,card,Sarahchester,2026-06-19T18:57:05,2026-06-19T18:56:05,,sarahchester
636,56,47,2026-07-17T13:14:12,delivered,202.35,0.0,20.0,10.12,232.47,cash,Tuckermouth,2026-07-17T13:45:12,2026-07-17T13:39:12,,tuckermouth
637,54,37,2026-02-14T11:42:30,delivered,341.76,0.0,36.51,17.09,395.36,cash,Dannyview,2026-02-14T12:26:30,2026-02-14T12:41:30,,dannyview
638,79,1,2025-06-29T19:53:40,delivered,2011.73,0.0,35.89,100.59,2148.21,upi,Theresaberg,2025-06-29T20:46:40,,,theresaberg
639,14,34,2025-07-06T19:41:55,delivered,401.42,0.0,49.61,20.07,471.1,card,Jamesview,2025-07-06T20:25:55,2025-07-06T20:25:55,,jamesview
640,49,35,2025-02-24T14:38:20,delivered,226.72,0.0,33.64,11.34,271.7,upi,East Kristin,2025-02-24T15:17:20,2025-02-24T15:20:20,,east kristin
641,20,29,2025-02-27T21:33:39,delivered,155.43,0.0,44.73,7.77,207.93,upi,South Robertshire,2025-02-27T22:03:39,2025-02-27T22:00:39,,south robertshire
642,32,44,2025-11-29T21:38:27,delivered,467.26,0.0,39.94,23.36,530.56,cash,Wilsonland,2025-11-29T22:16:27,2025-11-29T22:19:27,,wilsonland
643,40,29,2024-11-11T11:15:13,delivered,219.82,0.0,52.35,10.99,283.16,upi,New Patrick,2024-11-11T11:45:13,2024-11-11T11:50:13,,new patrick
644,13,32,2025-07-20T19:00:04,delivered,840.92,0.0,42.99,42.05,925.96,cash,West Justin,2025-07-20T19:42:04,2025-07-20T19:25:04,,west justin
645,61,18,2026-07-02T19:02:54,cancelled,345.11,0.0,20.87,17.26,383.24,card,West Cassidy,2026-07-02T19:29:54,2026-07-02T19:39:54,payment_failed,west cassidy
646,65,36,2025-01-19T11:48:17,delivered,639.14,0.0,49.1,31.96,720.2,card,Shawchester,2025-01-19T12:41:17,2025-01-19T12:39:17,,shawchester
647,64,34,2026-04-21T18:06:15,cancelled,30.0,0.0,37.11,1.5,68.61,upi,Port Heather,2026-04-21T18:50:15,2026-04-21T18:47:15,customer_request,port heather
648,19,39,2025-05-30T20:09:47,delivered,218.32,0.0,45.67,10.92,274.91,upi,Richardtown,2025-05-30T20:47:47,,,richardtown
649,39,4,2024-09-05T14:04:38,delivered,375.58,0.0,42.24,18.78,436.6,card,Port Chad,2024-09-05T14:55:38,2024-09-05T14:58:38,,port chad
650,52,40,2025-07-24T14:36:22,delivered,643.15,0.0,20.0,32.16,695.31,upi,Garciaville,2025-07-24T15:25:22,2025-07-24T15:34:22,,garciaville
651,27,27,2026-07-08T20:48:14,delivered,47.97,0.0,28.82,2.4,79.19,cash,Alexanderchester,2026-07-08T21:36:14,2026-07-08T21:28:14,,alexanderchester
652,14,46,2024-11-29T18:03:36,delivered,272.65,0.0,31.17,13.63,317.45,cash,Jamesview,2024-11-29T18:43:36,2024-11-29T18:43:36,,jamesview
653,73,49,2025-05-10T12:35:48,delivered,311.32,0.0,35.32,15.57,362.21,cash,Nathanland,2025-05-10T13:11:48,2025-05-10T13:12:48,,nathanland
654,83,23,2025-12-22T20:55:38,delivered,671.19,0.0,39.7,33.56,744.45,card,South Vicki,2025-12-22T21:40:38,2025-12-22T21:48:38,,south vicki
655,14,43,2025-02-18T18:46:25,delivered,142.96,0.0,26.96,7.15,177.07,cash,Jamesview,2025-02-18T19:20:25,2025-02-18T19:06:25,,jamesview
656,20,29,2025-08-15T13:53:19,delivered,294.22,0.0,29.31,14.71,338.24,upi,South Robertshire,2025-08-15T14:23:19,2025-08-15T14:26:19,,south robertshire
657,19,46,2025-07-17T12:15:09,delivered,908.97,0.0,20.0,45.45,974.42,upi,Richardtown,2025-07-17T12:55:09,2025-07-17T13:01:09,,richardtown
658,39,38,2026-06-08T11:38:18,delivered,831.42,0.0,49.08,41.57,922.07,upi,Port Chad,2026-06-08T11:59:18,2026-06-08T12:05:18,,port chad
659,34,10,2025-07-09T19:21:51,delivered,303.76,0.0,33.3,15.19,352.25,upi,Jasminemouth,2025-07-09T20:09:51,2025-07-09T20:09:51,,jasminemouth
660,46,37,2025-08-05T13:21:42,delivered,652.75,0.0,49.85,32.64,735.24,card,Coffeyside,2025-08-05T14:05:42,2025-08-05T14:02:42,,coffeyside
661,74,17,2026-01-23T18:00:04,cancelled,209.34,33.3,36.18,10.47,222.69,card,Heatherfort,2026-01-23T18:40:04,2026-01-23T18:31:04,customer_request,heatherfort
662,68,26,2025-02-11T20:56:57,delivered,481.65,0.0,54.87,24.08,560.6,cash,New Michaelshire,2025-02-11T21:39:57,2025-02-11T21:49:57,,new michaelshire
663,95,45,2025-10-23T13:31:46,delivered,167.15,0.0,20.0,8.36,195.51,cash,Ericborough,2025-10-23T13:51:46,2025-10-23T13:51:46,,ericborough
664,1,45,2025-07-13T12:26:36,pending,167.15,0.0,48.34,8.36,223.85,card,Lisatown,2025-07-13T12:46:36,2025-07-13T12:34:36,,lisatown
665,59,10,2025-12-28T20:31:56,delivered,506.16,0.0,47.0,25.31,578.47,card,Port Michael,2025-12-28T21:19:56,2025-12-28T21:09:56,,port michael
666,16,27,2025-06-14T11:31:57,delivered,434.49,0.0,49.93,21.72,506.14,card,Johnsonmouth,2025-06-14T12:19:57,2025-06-14T12:24:57,,johnsonmouth
667,47,8,2026-06-03T18:02:39,delivered,96.11,0.0,39.07,4.81,139.99,upi,Wilsonton,2026-06-03T18:55:39,2026-06-03T18:55:39,,wilsonton
668,27,35,2026-05-20T18:31:38,delivered,168.71,0.0,34.59,8.44,211.74,upi,Alexanderchester,2026-05-20T19:10:38,2026-05-20T19:14:38,,alexanderchester
669,89,24,2024-10-13T20:20:13,delivered,487.59,0.0,47.66,24.38,559.63,card,Nelsonville,2024-10-13T20:43:13,2024-10-13T20:53:13,,nelsonville
670,79,6,2024-10-11T12:42:35,delivered,861.88,0.0,48.9,43.09,953.87,upi,Theresaberg,2024-10-11T13:33:35,2024-10-11T13:26:35,,theresaberg
671,74,22,2025-09-26T20:47:45,delivered,233.06,0.0,35.04,11.65,279.75,cash,Heatherfort,2025-09-26T21:30:45,2025-09-26T21:19:45,,heatherfort
672,28,2,2026-01-31T19:46:11,delivered,284.86,0.0,56.71,14.24,355.81,cash,West Nicolebury,2026-01-31T20:25:11,2026-01-31T20:24:11,,west nicolebury
673,61,15,2025-03-01T12:25:56,delivered,215.06,0.0,50.39,10.75,276.2,cash,West Cassidy,2025-03-01T13:02:56,2025-03-01T13:04:56,,west cassidy
674,5,47,2025-04-28T19:53:56,delivered,434.33,0.0,27.83,21.72,483.88,cash,Lake Nicoleview,2025-04-28T20:24:56,2025-04-28T20:23:56,,lake nicoleview
675,24,17,2026-01-11T19:52:28,delivered,1419.32,0.0,41.66,70.97,1531.95,cash,South Brittanytown,2026-01-11T20:32:28,2026-01-11T20:21:28,,south brittanytown
676,90,26,2026-04-30T19:54:15,delivered,763.39,0.0,27.11,38.17,828.67,card,Morrisbury,2026-04-30T20:37:15,2026-04-30T20:35:15,,morrisbury
677,61,2,2026-03-14T13:57:27,delivered,685.67,0.0,39.66,34.28,759.61,upi,West Cassidy,2026-03-14T14:36:27,2026-03-14T14:47:27,,west cassidy
678,1,45,2026-05-02T20:48:28,delivered,167.15,0.0,34.26,8.36,209.77,cash,Lisatown,2026-05-02T21:08:28,2026-05-02T21:08:28,,lisatown
679,62,24,2026-05-30T18:04:10,delivered,247.23,0.0,40.07,12.36,299.66,cash,Ortizmouth,2026-05-30T18:27:10,2026-05-30T18:11:10,,ortizmouth
680,48,10,2024-11-12T11:30:49,delivered,219.06,0.0,48.33,10.95,278.34,cash,Antoniostad,2024-11-12T12:18:49,2024-11-12T12:00:49,,antoniostad
681,54,14,2025-08-10T19:41:21,delivered,374.28,0.0,38.56,18.71,431.55,upi,Dannyview,2025-08-10T20:16:21,2025-08-10T20:16:21,,dannyview
682,19,49,2024-11-11T12:20:15,delivered,584.03,0.0,49.75,29.2,662.98,card,Richardtown,2024-11-11T12:56:15,2024-11-11T13:02:15,,richardtown
683,49,22,2025-10-23T12:26:01,returned,78.97,0.0,39.17,3.95,122.09,card,East Kristin,2025-10-23T13:09:01,2025-10-23T13:17:01,,east kristin
684,40,46,2026-07-07T20:17:19,delivered,249.34,0.0,47.4,12.47,309.21,cash,New Patrick,2026-07-07T20:57:19,2026-07-07T20:40:19,,new patrick
685,8,29,2026-05-23T19:42:21,cancelled,688.97,0.0,27.48,34.45,750.9,cash,Lewisberg,2026-05-23T20:12:21,,customer_request,lewisberg
686,73,36,2024-09-08T14:55:06,pending,446.77,0.0,31.33,22.34,500.44,cash,Nathanland,2024-09-08T15:48:06,2024-09-08T16:11:06,,nathanland
687,68,37,2025-03-04T11:18:22,delivered,559.26,0.0,44.72,27.96,631.94,upi,New Michaelshire,2025-03-04T12:02:22,2025-03-04T11:47:22,,new michaelshire
688,28,44,2025-01-13T21:11:52,delivered,141.42,0.0,48.64,7.07,197.13,cash,West Nicolebury,2025-01-13T21:49:52,2025-01-13T22:04:52,,west nicolebury
689,62,2,2024-09-13T20:00:26,delivered,311.52,0.0,41.65,15.58,368.75,cash,Ortizmouth,2024-09-13T20:39:26,2024-09-13T20:49:26,,ortizmouth
690,44,45,2024-10-17T20:15:31,delivered,956.37,0.0,28.0,47.82,1032.19,upi,Baileyport,2024-10-17T20:35:31,2024-10-17T20:40:31,,baileyport
691,11,41,2025-05-23T14:12:44,delivered,133.71,0.0,39.87,6.69,180.27,upi,Shawhaven,2025-05-23T14:44:44,2025-05-23T14:42:44,,shawhaven
692,20,26,2025-03-10T14:16:44,delivered,103.27,0.0,32.14,5.16,140.57,upi,South Robertshire,2025-03-10T14:59:44,2025-03-10T15:01:44,,south robertshire
693,75,46,2026-02-20T14:40:31,delivered,978.07,0.0,37.21,48.9,1064.18,cash,East Laurabury,2026-02-20T15:20:31,2026-02-20T15:20:31,,east laurabury
694,67,44,2025-01-25T20:36:22,delivered,1260.59,126.59,28.55,63.03,1225.58,upi,North Andrewborough,2025-01-25T21:14:22,2025-01-25T20:54:22,,north andrewborough
695,5,6,2026-06-13T19:06:43,delivered,229.72,0.0,34.84,11.49,276.05,cash,Lake Nicoleview,2026-06-13T19:57:43,2026-06-13T19:59:43,,lake nicoleview
696,67,8,2024-12-08T14:07:05,delivered,600.12,0.0,40.3,30.01,670.43,cash,North Andrewborough,2024-12-08T15:00:05,2024-12-08T15:00:05,,north andrewborough
697,56,29,2026-05-28T19:32:37,delivered,997.07,154.0,52.36,49.85,945.28,upi,Tuckermouth,2026-05-28T20:02:37,2026-05-28T20:03:37,,tuckermouth
698,86,15,2026-02-05T19:08:18,delivered,206.98,0.0,39.3,10.35,256.63,card,Lake Janet,2026-02-05T19:45:18,2026-02-05T19:40:18,,lake janet
699,63,30,2026-08-19T14:10:23,delivered,260.45,0.0,41.68,13.02,315.15,upi,Lisahaven,2026-08-19T15:00:23,2026-08-19T14:56:23,,lisahaven
700,42,48,2025-01-04T20:21:56,delivered,802.1,0.0,55.46,40.1,897.66,card,Goodville,2025-01-04T21:11:56,2025-01-04T20:59:56,,goodville
701,8,14,2025-05-07T21:59:05,delivered,131.03,0.0,37.81,6.55,175.39,cash,Lewisberg,2025-05-07T22:34:05,2025-05-07T22:23:05,,lewisberg
702,56,15,2026-04-19T20:15:58,delivered,1182.6,0.0,42.7,59.13,1284.43,cash,Tuckermouth,2026-04-19T20:52:58,2026-04-19T20:56:58,,tuckermouth
703,87,44,2025-05-31T12:04:27,delivered,257.62,0.0,55.11,12.88,325.61,cash,East Brent,2025-05-31T12:42:27,2025-05-31T13:06:27,,east brent
704,93,33,2026-03-11T19:48:47,cancelled,739.59,0.0,43.62,36.98,820.19,card,South Jonathantown,2026-03-11T20:27:47,2026-03-11T20:26:47,payment_failed,south jonathantown
705,21,38,2025-10-31T11:16:10,delivered,605.26,0.0,35.02,30.26,670.54,card,Stephaniemouth,2025-10-31T11:37:10,2025-10-31T11:29:10,,stephaniemouth
706,100,25,2025-08-05T18:22:40,delivered,218.42,0.0,60.62,10.92,289.96,cash,Garciafort,2025-08-05T18:56:40,2025-08-05T18:58:40,,garciafort
707,18,31,2025-08-07T14:46:02,delivered,400.27,0.0,41.38,20.01,461.66,card,Bradleychester,2025-08-07T15:20:02,2025-08-07T15:18:02,,bradleychester
708,40,21,2026-07-09T21:59:07,delivered,287.56,0.0,40.97,14.38,342.91,cash,New Patrick,2026-07-09T22:43:07,2026-07-09T22:43:07,,new patrick
709,10,30,2025-03-03T21:41:04,delivered,1337.65,0.0,46.43,66.88,1450.96,card,South Aaron,2025-03-03T22:31:04,2025-03-03T22:34:04,,south aaron
710,19,2,2025-03-03T19:27:13,delivered,96.4,0.0,36.61,4.82,137.83,upi,Richardtown,2025-03-03T20:06:13,2025-03-03T19:58:13,,richardtown
711,65,7,2024-10-04T21:23:21,delivered,413.54,0.0,42.51,20.68,476.73,cash,Shawchester,2024-10-04T21:45:21,,,shawchester
712,32,7,2025-12-22T20:35:44,pending,134.91,0.0,43.15,6.75,184.81,upi,Wilsonland,2025-12-22T20:57:44,2025-12-22T20:56:44,,wilsonland
713,26,25,2025-08-28T20:12:53,delivered,218.42,0.0,49.39,10.92,278.73,cash,West Barbarafurt,2025-08-28T20:46:53,2025-08-28T20:40:53,,west barbarafurt
714,83,40,2024-12-27T18:05:40,delivered,882.5,0.0,35.71,44.12,962.33,cash,South Vicki,2024-12-27T18:54:40,2024-12-27T18:50:40,,south vicki
715,6,11,2025-04-01T14:54:26,delivered,318.78,0.0,24.47,15.94,359.19,card,West Natashaport,2025-04-01T15:52:26,,,west natashaport
716,65,4,2025-09-19T14:30:40,delivered,328.42,0.0,21.94,16.42,366.78,cash,Shawchester,2025-09-19T15:21:40,2025-09-19T15:26:40,,shawchester
717,73,11,2025-03-06T12:40:49,delivered,1230.1,0.0,25.81,61.5,1317.41,cash,Nathanland,2025-03-06T13:38:49,2025-03-06T13:41:49,,nathanland
718,16,5,2025-09-15T19:26:04,delivered,312.22,0.0,26.83,15.61,354.66,upi,Johnsonmouth,2025-09-15T19:46:04,2025-09-15T19:54:04,,johnsonmouth
719,67,34,2024-09-15T12:06:07,delivered,731.34,0.0,48.03,36.57,815.94,card,North Andrewborough,2024-09-15T12:50:07,2024-09-15T13:03:07,,north andrewborough
720,24,35,2026-01-15T11:16:57,delivered,226.72,0.0,41.79,11.34,279.85,upi,South Brittanytown,2026-01-15T11:55:57,2026-01-15T11:48:57,,south brittanytown
721,1,37,2026-04-30T21:15:19,delivered,237.79,0.0,40.94,11.89,290.62,card,Lisatown,2026-04-30T21:59:19,2026-04-30T21:45:19,,lisatown
722,3,44,2025-05-21T12:44:44,delivered,671.09,0.0,45.66,33.55,750.3,card,Veronicaside,2025-05-21T13:22:44,2025-05-21T13:10:44,,veronicaside
723,64,27,2024-11-25T12:36:51,delivered,807.6,0.0,51.34,40.38,899.32,cash,Port Heather,2024-11-25T13:24:51,2024-11-25T13:14:51,,port heather
724,2,24,2026-05-13T21:18:01,pending,325.06,0.0,37.34,16.25,378.65,cash,Barbaraland,2026-05-13T21:41:01,2026-05-13T21:35:01,,barbaraland
725,52,6,2026-07-01T12:26:39,delivered,229.72,0.0,49.09,11.49,290.3,upi,Garciaville,2026-07-01T13:17:39,2026-07-01T12:58:39,,garciaville
726,65,10,2024-10-09T19:42:38,cancelled,320.6,0.0,40.49,16.03,377.12,cash,Shawchester,2024-10-09T20:30:38,2024-10-09T20:39:38,customer_request,shawchester
727,78,27,2026-07-27T13:35:51,delivered,1376.46,0.0,42.17,68.82,1487.45,cash,Montgomerytown,2026-07-27T14:23:51,2026-07-27T14:17:51,,montgomerytown
728,45,36,2025-10-09T20:36:21,delivered,602.93,0.0,46.83,30.15,679.91,card,New Michaelberg,2025-10-09T21:29:21,2025-10-09T21:28:21,,new michaelberg
729,84,40,2026-08-20T21:42:54,pending,990.01,0.0,30.78,49.5,1070.29,card,Lake Brett,2026-08-20T22:31:54,2026-08-20T23:04:54,,lake brett
730,36,17,2024-12-08T12:41:17,delivered,479.87,0.0,35.62,23.99,539.48,cash,Waltersfort,2024-12-08T13:21:17,2024-12-08T13:23:17,,waltersfort
731,4,36,2026-03-13T20:03:45,delivered,176.68,0.0,37.32,8.83,222.83,cash,Hurstfurt,2026-03-13T20:56:45,2026-03-13T20:56:45,,hurstfurt
732,2,29,2025-01-25T21:44:59,delivered,943.52,0.0,47.31,47.18,1038.01,upi,Barbaraland,2025-01-25T22:14:59,2025-01-25T22:14:59,,barbaraland
733,30,23,2026-05-07T21:29:34,cancelled,258.17,0.0,47.02,12.91,318.1,card,Kristopherbury,2026-05-07T22:14:34,2026-05-07T22:16:34,customer_request,kristopherbury
734,13,10,2025-01-16T18:22:24,delivered,455.64,0.0,47.18,22.78,525.6,card,West Justin,2025-01-16T19:10:24,2025-01-16T19:18:24,,west justin
735,41,40,2025-11-17T11:18:03,cancelled,1055.38,0.0,28.9,52.77,1137.05,card,North Terrance,2025-11-17T12:07:03,2025-11-17T12:19:03,payment_failed,north terrance
736,43,48,2026-05-14T14:40:12,delivered,326.45,0.0,21.48,16.32,364.25,cash,East Steven,2026-05-14T15:30:12,2026-05-14T15:43:12,,east steven
737,38,28,2025-02-16T11:43:20,delivered,1269.3,0.0,40.1,63.47,1372.87,upi,Lake Eric,2025-02-16T12:20:20,2025-02-16T12:07:20,,lake eric
738,21,20,2026-03-29T21:55:50,delivered,163.39,0.0,41.13,8.17,212.69,card,Stephaniemouth,2026-03-29T22:25:50,2026-03-29T22:26:50,,stephaniemouth
739,73,6,2024-09-22T14:16:25,delivered,473.93,0.0,33.48,23.7,531.11,card,Nathanland,2024-09-22T15:07:25,2024-09-22T15:00:25,,nathanland
740,93,1,2025-02-13T20:55:01,delivered,1724.34,0.0,42.07,86.22,1852.63,cash,South Jonathantown,2025-02-13T21:48:01,2025-02-13T22:13:01,,south jonathantown
741,62,31,2025-03-20T20:35:40,delivered,199.06,0.0,32.71,9.95,241.72,cash,Ortizmouth,2025-03-20T21:09:40,2025-03-20T21:07:40,,ortizmouth
742,71,7,2024-10-23T12:11:01,pending,451.14,0.0,37.23,22.56,510.93,upi,Morganburgh,2024-10-23T12:33:01,2024-10-23T12:29:01,,morganburgh
743,22,19,2026-03-22T19:53:53,delivered,1605.53,0.0,43.41,80.28,1729.22,card,West Matthew,2026-03-22T20:39:53,2026-03-22T20:44:53,,west matthew
744,89,18,2025-07-23T20:24:46,delivered,345.89,0.0,46.88,17.29,410.06,card,Nelsonville,2025-07-23T20:51:46,2025-07-23T20:39:46,,nelsonville
745,76,24,2025-10-29T21:11:40,delivered,162.53,0.0,32.11,8.13,202.77,cash,South Stevenhaven,2025-10-29T21:34:40,2025-10-29T21:30:40,,south stevenhaven
746,74,44,2024-09-25T11:43:58,returned,141.42,0.0,37.61,7.07,186.1,upi,Heatherfort,2024-09-25T12:21:58,2024-09-25T12:29:58,,heatherfort
747,58,9,2025-08-13T12:06:14,delivered,196.62,0.0,41.01,9.83,247.46,card,Robertsfurt,2025-08-13T12:39:14,2025-08-13T12:23:14,,robertsfurt
748,95,38,2025-12-02T11:14:00,cancelled,386.88,0.0,33.6,19.34,439.82,card,Ericborough,2025-12-02T11:35:00,2025-12-02T11:29:00,payment_failed,ericborough
749,9,15,2025-08-19T18:13:25,delivered,615.7,0.0,51.9,30.79,698.39,upi,East Jamesside,2025-08-19T18:50:25,2025-08-19T18:41:25,,east jamesside
750,20,46,2026-07-11T11:01:39,delivered,473.69,0.0,21.45,23.68,518.82,cash,South Robertshire,2026-07-11T11:41:39,2026-07-11T11:33:39,,south robertshire
751,1,6,2026-04-14T18:48:30,delivered,1121.96,0.0,38.76,56.1,1216.82,upi,Lisatown,2026-04-14T19:39:30,2026-04-14T19:33:30,,lisatown
752,39,3,2025-11-13T19:19:55,pending,563.36,0.0,42.86,28.17,634.39,upi,Port Chad,2025-11-13T19:39:55,2025-11-13T19:41:55,,port chad
753,47,24,2026-04-17T21:19:39,delivered,325.06,0.0,62.09,16.25,403.4,upi,Wilsonton,2026-04-17T21:42:39,2026-04-17T21:43:39,,wilsonton
754,39,12,2026-04-30T11:51:20,delivered,216.66,0.0,50.67,10.83,278.16,card,Port Chad,2026-04-30T12:26:20,2026-04-30T12:15:20,,port chad
755,38,27,2025-04-11T14:09:31,cancelled,316.8,0.0,48.98,15.84,381.62,card,Lake Eric,2025-04-11T14:57:31,2025-04-11T14:52:31,restaurant_unavailable,lake eric
756,10,8,2025-03-06T19:13:51,delivered,300.06,0.0,32.15,15.0,347.21,card,South Aaron,2025-03-06T20:06:51,2025-03-06T20:18:51,,south aaron
757,70,46,2025-06-27T18:16:31,delivered,160.73,0.0,42.07,8.04,210.84,upi,West Jamesborough,2025-06-27T18:56:31,2025-06-27T18:59:31,,west jamesborough
758,79,13,2024-11-22T14:17:30,delivered,350.13,0.0,37.91,17.51,405.55,card,Theresaberg,2024-11-22T15:04:30,2024-11-22T14:59:30,,theresaberg
759,18,45,2026-04-25T18:41:30,delivered,501.45,0.0,48.06,25.07,574.58,upi,Bradleychester,2026-04-25T19:01:30,2026-04-25T19:03:30,,bradleychester
760,39,6,2025-07-01T14:56:10,delivered,1161.01,0.0,31.67,58.05,1250.73,cash,Port Chad,2025-07-01T15:47:10,2025-07-01T15:46:10,,port chad
761,88,35,2025-11-26T19:26:07,delivered,337.42,0.0,36.06,16.87,390.35,upi,New Joanne,2025-11-26T20:05:07,2025-11-26T20:02:07,,new joanne
762,27,38,2024-12-16T12:52:54,delivered,230.64,0.0,37.97,11.53,280.14,card,Alexanderchester,2024-12-16T13:13:54,2024-12-16T13:05:54,,alexanderchester
763,6,18,2025-03-13T20:15:08,delivered,870.73,0.0,33.17,43.54,947.44,card,West Natashaport,2025-03-13T20:42:08,2025-03-13T20:38:08,,west natashaport
764,69,14,2025-03-13T14:32:32,delivered,879.59,0.0,27.03,43.98,950.6,upi,Kristinastad,2025-03-13T15:07:32,2025-03-13T15:21:32,,kristinastad
765,42,24,2025-07-25T12:41:05,delivered,162.53,0.0,30.63,8.13,201.29,cash,Goodville,2025-07-25T13:04:05,2025-07-25T13:08:05,,goodville
766,58,21,2025-01-03T13:47:22,delivered,647.01,0.0,29.86,32.35,709.22,cash,Robertsfurt,2025-01-03T14:31:22,2025-01-03T14:27:22,,robertsfurt
767,75,45,2026-03-24T19:07:13,delivered,334.3,0.0,42.49,16.71,393.5,upi,East Laurabury,2026-03-24T19:27:13,2026-03-24T19:20:13,,east laurabury
768,33,44,2025-05-26T19:08:46,delivered,631.25,0.0,38.06,31.56,700.87,card,Torreston,2025-05-26T19:46:46,2025-05-26T19:50:46,,torreston
769,72,4,2025-03-11T18:06:09,delivered,1226.05,0.0,43.23,61.3,1330.58,cash,Sergiostad,2025-03-11T18:57:09,2025-03-11T18:48:09,,sergiostad
770,86,12,2025-08-16T14:22:46,delivered,316.38,0.0,50.36,15.82,382.56,cash,Lake Janet,2025-08-16T14:57:46,2025-08-16T14:48:46,,lake janet
771,29,10,2026-02-12T20:27:59,delivered,100.68,0.0,40.35,5.03,146.06,upi,Freemanbury,2026-02-12T21:15:59,2026-02-12T21:10:59,,freemanbury
772,12,32,2026-03-14T20:30:14,delivered,487.88,0.0,40.17,24.39,552.44,cash,Johnfurt,2026-03-14T21:12:14,2026-03-14T21:06:14,,johnfurt
773,53,45,2026-03-17T20:52:56,delivered,1002.9,0.0,35.61,50.15,1088.66,card,Lisaside,2026-03-17T21:12:56,2026-03-17T21:27:56,,lisaside
774,5,41,2024-10-02T20:49:22,delivered,670.77,0.0,37.32,33.54,741.63,upi,Lake Nicoleview,2024-10-02T21:21:22,2024-10-02T21:21:22,,lake nicoleview
775,99,25,2025-06-30T20:35:14,delivered,218.42,0.0,32.35,10.92,261.69,card,East Sharonville,2025-06-30T21:09:14,2025-06-30T21:09:14,,east sharonville
776,49,21,2025-05-09T21:05:12,delivered,163.98,0.0,38.21,8.2,210.39,card,East Kristin,2025-05-09T21:49:12,2025-05-09T21:40:12,,east kristin
777,66,26,2026-02-06T19:01:01,delivered,887.94,0.0,50.87,44.4,983.21,upi,Sarahchester,2026-02-06T19:44:01,2026-02-06T19:48:01,,sarahchester
778,19,41,2025-12-09T12:53:27,delivered,389.3,0.0,26.93,19.47,435.7,card,Richardtown,2025-12-09T13:25:27,2025-12-09T13:25:27,,richardtown
779,87,47,2026-08-01T20:48:04,delivered,231.98,0.0,26.84,11.6,270.42,cash,East Brent,2026-08-01T21:19:04,2026-08-01T21:05:04,,east brent
780,67,1,2024-11-18T21:44:17,delivered,862.17,0.0,36.12,43.11,941.4,upi,North Andrewborough,2024-11-18T22:37:17,2024-11-18T22:30:17,,north andrewborough
781,35,4,2026-01-09T21:41:04,delivered,48.35,0.0,50.15,2.42,100.92,cash,Barkerfurt,2026-01-09T22:32:04,2026-01-09T22:27:04,,barkerfurt
782,83,35,2025-12-31T12:53:11,delivered,506.13,0.0,46.24,25.31,577.68,cash,South Vicki,2025-12-31T13:32:11,2025-12-31T13:37:11,,south vicki
783,80,23,2026-04-06T18:01:13,delivered,2011.29,0.0,33.96,100.56,2145.81,card,Ferrellmouth,2026-04-06T18:46:13,2026-04-06T18:32:13,,ferrellmouth
784,13,35,2024-09-25T19:44:48,delivered,622.15,0.0,47.27,31.11,700.53,cash,West Justin,2024-09-25T20:23:48,2024-09-25T20:12:48,,west justin
785,93,31,2025-02-13T14:59:25,cancelled,853.24,0.0,34.35,42.66,930.25,card,South Jonathantown,2025-02-13T15:33:25,2025-02-13T15:39:25,restaurant_unavailable,south jonathantown
786,82,28,2026-07-10T14:26:30,delivered,411.36,0.0,20.05,20.57,451.98,card,Brooksmouth,2026-07-10T15:03:30,2026-07-10T14:56:30,,brooksmouth
787,2,12,2024-10-09T12:27:35,pending,326.44,0.0,35.0,16.32,377.76,upi,Barbaraland,2024-10-09T13:02:35,2024-10-09T13:02:35,,barbaraland
788,27,8,2025-08-28T19:27:02,delivered,650.53,0.0,38.82,32.53,721.88,cash,Alexanderchester,2025-08-28T20:20:02,2025-08-28T20:29:02,,alexanderchester
789,16,14,2026-07-11T14:56:38,delivered,318.17,0.0,30.74,15.91,364.82,cash,Johnsonmouth,2026-07-11T15:31:38,2026-07-11T15:31:38,,johnsonmouth
790,99,12,2025-08-27T12:37:48,delivered,986.84,0.0,40.06,49.34,1076.24,card,East Sharonville,2025-08-27T13:12:48,2025-08-27T13:00:48,,east sharonville
791,66,36,2025-06-17T21:01:39,delivered,141.68,0.0,56.19,7.08,204.95,card,Sarahchester,2025-06-17T21:54:39,2025-06-17T22:02:39,,sarahchester
792,41,17,2025-12-31T18:13:30,delivered,768.2,0.0,30.25,38.41,836.86,card,North Terrance,2025-12-31T18:53:30,,,north terrance
793,41,8,2024-12-03T12:06:27,delivered,783.5,0.0,54.06,39.18,876.74,card,North Terrance,2024-12-03T12:59:27,2024-12-03T13:04:27,,north terrance
794,88,50,2026-08-24T12:55:25,delivered,192.01,0.0,39.84,9.6,241.45,card,New Joanne,2026-08-24T13:38:25,2026-08-24T13:16:25,,new joanne
795,69,39,2025-02-21T20:39:51,returned,603.24,0.0,51.03,30.16,684.43,cash,Kristinastad,2025-02-21T21:17:51,2025-02-21T21:17:51,,kristinastad
796,92,1,2024-12-21T21:43:11,delivered,1095.68,0.0,27.3,54.78,1177.76,upi,Port Amyhaven,2024-12-21T22:36:11,2024-12-21T22:44:11,,port amyhaven
797,82,35,2025-07-02T19:45:41,delivered,622.15,0.0,38.09,31.11,691.35,upi,Brooksmouth,2025-07-02T20:24:41,2025-07-02T20:28:41,,brooksmouth
798,13,4,2024-09-27T21:55:17,delivered,552.76,0.0,51.28,27.64,631.68,upi,West Justin,2024-09-27T22:46:17,2024-09-27T22:46:17,,west justin
799,62,12,2025-10-15T12:49:20,delivered,476.76,0.0,48.13,23.84,548.73,cash,Ortizmouth,2025-10-15T13:24:20,,,ortizmouth
800,98,22,2024-11-17T11:21:38,returned,289.26,0.0,57.3,14.46,361.02,card,South John,2024-11-17T12:04:38,,,south john
801,12,9,2025-07-12T21:08:48,pending,397.67,0.0,40.08,19.88,457.63,card,Johnfurt,2025-07-12T21:41:48,2025-07-12T21:54:48,,johnfurt
802,71,42,2025-07-17T18:30:45,delivered,177.36,0.0,67.63,8.87,253.86,card,Morganburgh,2025-07-17T19:04:45,2025-07-17T19:19:45,,morganburgh
803,62,15,2024-11-11T18:51:27,delivered,538.45,0.0,50.24,26.92,615.61,upi,Ortizmouth,2024-11-11T19:28:27,2024-11-11T19:26:27,,ortizmouth
804,78,5,2025-10-13T18:08:07,delivered,1056.75,0.0,27.86,52.84,1137.45,upi,Montgomerytown,2025-10-13T18:28:07,2025-10-13T18:22:07,,montgomerytown
805,56,50,2026-05-04T14:08:12,delivered,252.17,0.0,49.55,12.61,314.33,upi,Tuckermouth,2026-05-04T14:51:12,2026-05-04T14:57:12,,tuckermouth
806,70,36,2025-10-30T12:41:41,delivered,2092.89,0.0,43.16,104.64,2240.69,cash,West Jamesborough,2025-10-30T13:34:41,2025-10-30T13:15:41,,west jamesborough
807,18,9,2024-11-14T19:12:02,delivered,160.34,0.0,48.6,8.02,216.96,card,Bradleychester,2024-11-14T19:45:02,2024-11-14T20:01:02,,bradleychester
808,83,23,2025-03-17T12:04:45,delivered,333.37,0.0,62.31,16.67,412.35,cash,South Vicki,2025-03-17T12:49:45,2025-03-17T12:47:45,,south vicki
809,65,42,2024-09-21T19:04:30,delivered,484.28,0.0,29.64,24.21,538.13,cash,Shawchester,2024-09-21T19:38:30,2024-09-21T19:35:30,,shawchester
810,62,21,2025-07-27T18:51:39,delivered,251.66,0.0,40.81,12.58,305.05,cash,Ortizmouth,2025-07-27T19:35:39,2025-07-27T19:30:39,,ortizmouth
811,58,46,2026-04-08T11:16:24,delivered,1991.36,0.0,36.22,99.57,2127.15,card,Robertsfurt,2026-04-08T11:56:24,2026-04-08T11:59:24,,robertsfurt
812,72,17,2026-03-19T11:56:36,delivered,1746.08,0.0,35.66,87.3,1869.04,card,Sergiostad,2026-03-19T12:36:36,2026-03-19T12:32:36,,sergiostad
813,86,16,2024-11-18T21:38:42,delivered,251.64,0.0,43.05,12.58,307.27,cash,Lake Janet,2024-11-18T22:09:42,2024-11-18T21:52:42,,lake janet
814,85,5,2025-12-20T21:41:05,delivered,200.86,0.0,51.56,10.04,262.46,upi,Salaston,2025-12-20T22:01:05,2025-12-20T22:00:05,,salaston
815,75,45,2026-08-09T12:29:53,delivered,800.07,0.0,31.26,40.0,871.33,upi,East Laurabury,2026-08-09T12:49:53,2026-08-09T12:58:53,,east laurabury
816,70,19,2026-05-30T18:45:05,delivered,167.79,0.0,63.37,8.39,239.55,card,West Jamesborough,2026-05-30T19:31:05,2026-05-30T19:37:05,,west jamesborough
817,23,45,2026-02-08T20:27:26,delivered,1337.2,0.0,36.95,66.86,1441.01,card,Port Nicoleshire,2026-02-08T20:47:26,2026-02-08T20:29:26,,port nicoleshire
818,35,37,2026-06-13T14:23:01,delivered,170.88,0.0,36.42,8.54,215.84,card,Barkerfurt,2026-06-13T15:07:01,2026-06-13T14:58:01,,barkerfurt
819,87,26,2025-03-10T19:36:35,delivered,863.98,165.49,35.67,43.2,777.36,cash,East Brent,2025-03-10T20:19:35,2025-03-10T20:12:35,,east brent
820,13,15,2025-07-28T20:38:11,delivered,2012.04,0.0,49.52,100.6,2162.16,card,West Justin,2025-07-28T21:15:11,2025-07-28T21:09:11,,west justin
821,85,24,2026-04-13T20:06:52,delivered,162.53,0.0,44.77,8.13,215.43,upi,Salaston,2026-04-13T20:29:52,2026-04-13T20:10:52,,salaston
822,8,50,2026-07-07T13:04:40,pending,826.02,0.0,41.08,41.3,908.4,upi,Lewisberg,2026-07-07T13:47:40,2026-07-07T13:56:40,,lewisberg
823,55,25,2026-08-21T19:03:05,delivered,436.84,0.0,43.66,21.84,502.34,cash,East Mollyshire,2026-08-21T19:37:05,2026-08-21T19:31:05,,east mollyshire
824,95,9,2025-09-01T21:35:41,delivered,589.86,0.0,27.47,29.49,646.82,cash,Ericborough,2025-09-01T22:08:41,2025-09-01T22:10:41,,ericborough
825,33,44,2026-07-03T14:52:36,delivered,1162.34,0.0,36.37,58.12,1256.83,card,Torreston,2026-07-03T15:30:36,2026-07-03T15:17:36,,torreston
826,57,25,2025-03-10T18:29:26,delivered,102.55,0.0,51.75,5.13,159.43,upi,North Tylerchester,2025-03-10T19:03:26,2025-03-10T19:10:26,,north tylerchester
827,32,31,2025-02-21T14:05:13,delivered,655.2,0.0,34.18,32.76,722.14,upi,Wilsonland,2025-02-21T14:39:13,2025-02-21T14:54:13,,wilsonland
828,57,20,2025-03-08T14:48:56,delivered,2619.15,0.0,34.68,130.96,2784.79,upi,North Tylerchester,2025-03-08T15:18:56,2025-03-08T15:24:56,,north tylerchester
829,63,17,2025-10-25T14:25:58,delivered,750.84,0.0,47.73,37.54,836.11,upi,Lisahaven,2025-10-25T15:05:58,2025-10-25T15:05:58,,lisahaven
830,27,28,2025-09-28T11:06:02,pending,205.68,0.0,39.91,10.28,255.87,cash,Alexanderchester,2025-09-28T11:43:02,,,alexanderchester
831,63,19,2024-09-04T20:28:43,delivered,335.58,0.0,49.62,16.78,401.98,card,Lisahaven,2024-09-04T21:14:43,2024-09-04T21:23:43,,lisahaven
832,21,26,2026-02-21T18:28:57,pending,479.13,0.0,29.85,23.96,532.94,cash,Stephaniemouth,2026-02-21T19:11:57,2026-02-21T19:00:57,,stephaniemouth
833,38,31,2024-10-25T14:43:43,pending,868.51,0.0,45.11,43.43,957.05,upi,Lake Eric,2024-10-25T15:17:43,2024-10-25T15:08:43,,lake eric
834,73,16,2026-01-02T20:42:48,delivered,1157.4,0.0,58.18,57.87,1273.45,upi,Nathanland,2026-01-02T21:13:48,2026-01-02T21:21:48,,nathanland
835,52,1,2026-06-14T20:34:19,delivered,574.78,0.0,37.19,28.74,640.71,cash,Garciaville,2026-06-14T21:27:19,2026-06-14T21:33:19,,garciaville
836,94,13,2025-07-05T21:31:36,cancelled,404.25,21.38,41.83,20.21,444.91,cash,Millerside,2025-07-05T22:18:36,2025-07-05T21:59:36,payment_failed,millerside
837,85,10,2026-01-15T14:42:12,delivered,219.06,0.0,39.8,10.95,269.81,upi,Salaston,2026-01-15T15:30:12,2026-01-15T15:27:12,,salaston
838,39,10,2025-10-10T19:16:08,delivered,708.38,0.0,45.76,35.42,789.56,card,Port Chad,2025-10-10T20:04:08,2025-10-10T20:17:08,,port chad
839,66,10,2025-06-21T18:53:43,delivered,136.87,0.0,36.48,6.84,180.19,cash,Sarahchester,2025-06-21T19:41:43,2025-06-21T19:41:43,,sarahchester
840,63,47,2025-05-16T19:21:48,delivered,437.48,0.0,34.75,21.87,494.1,cash,Lisahaven,2025-05-16T19:52:48,2025-05-16T20:02:48,,lisahaven
841,48,18,2026-08-18T21:56:44,delivered,166.79,0.0,41.73,8.34,216.86,cash,Antoniostad,2026-08-18T22:23:44,2026-08-18T22:41:44,,antoniostad
842,83,47,2026-02-22T21:12:27,delivered,235.13,0.0,33.73,11.76,280.62,cash,South Vicki,2026-02-22T21:43:27,2026-02-22T21:39:27,,south vicki
843,51,7,2026-05-04T13:32:27,delivered,690.02,0.0,44.23,34.5,768.75,cash,Simmonsville,2026-05-04T13:54:27,2026-05-04T13:51:27,,simmonsville
844,80,17,2025-02-25T19:48:51,delivered,658.17,0.0,37.27,32.91,728.35,card,Ferrellmouth,2025-02-25T20:28:51,2025-02-25T20:09:51,,ferrellmouth
845,10,6,2026-08-25T20:03:11,pending,380.42,0.0,30.65,19.02,430.09,cash,South Aaron,2026-08-25T20:54:11,2026-08-25T20:57:11,,south aaron
846,61,33,2026-05-06T13:04:26,delivered,770.82,0.0,39.8,38.54,849.16,cash,West Cassidy,2026-05-06T13:43:26,2026-05-06T13:52:26,,west cassidy
847,21,19,2026-04-15T12:45:28,delivered,1622.37,270.17,26.88,81.12,1460.2,card,Stephaniemouth,2026-04-15T13:31:28,2026-04-15T13:34:28,,stephaniemouth
848,15,12,2025-08-27T21:25:57,delivered,99.72,0.0,31.02,4.99,135.73,card,New Barry,2025-08-27T22:00:57,2025-08-27T21:56:57,,new barry
849,50,20,2025-01-07T20:47:33,delivered,204.98,0.0,54.28,10.25,269.51,card,East Josephberg,2025-01-07T21:17:33,2025-01-07T21:35:33,,east josephberg
850,86,11,2026-06-30T13:23:25,cancelled,245.36,0.0,33.98,12.27,291.61,upi,Lake Janet,2026-06-30T14:21:25,2026-06-30T14:22:25,restaurant_unavailable,lake janet
851,50,28,2025-11-06T18:49:48,delivered,588.63,114.66,38.71,29.43,542.11,upi,East Josephberg,2025-11-06T19:26:48,2025-11-06T19:18:48,,east josephberg
852,8,1,2025-06-08T20:56:53,delivered,574.78,0.0,39.08,28.74,642.6,card,Lewisberg,2025-06-08T21:49:53,2025-06-08T21:39:53,,lewisberg
853,32,48,2025-02-26T20:47:31,delivered,1111.89,0.0,49.15,55.59,1216.63,cash,Wilsonland,2025-02-26T21:37:31,2025-02-26T21:43:31,,wilsonland
854,27,25,2026-02-16T12:56:23,delivered,218.42,0.0,27.46,10.92,256.8,card,Alexanderchester,2026-02-16T13:30:23,2026-02-16T13:36:23,,alexanderchester
855,66,25,2025-11-26T19:23:55,delivered,102.55,0.0,31.46,5.13,139.14,cash,Sarahchester,2025-11-26T19:57:55,2025-11-26T19:56:55,,sarahchester
856,77,21,2025-12-24T11:27:23,delivered,1118.21,0.0,51.43,55.91,1225.55,cash,Jamesside,2025-12-24T12:11:23,2025-12-24T12:13:23,,jamesside
857,3,44,2025-10-17T19:32:05,delivered,278.76,0.0,32.24,13.94,324.94,upi,Veronicaside,2025-10-17T20:10:05,2025-10-17T20:20:05,,veronicaside
858,46,36,2025-01-01T20:07:17,delivered,176.68,0.0,25.67,8.83,211.18,upi,Coffeyside,2025-01-01T21:00:17,2025-01-01T21:09:17,,coffeyside
859,5,28,2025-05-20T12:36:26,delivered,588.63,0.0,41.83,29.43,659.89,cash,Lake Nicoleview,2025-05-20T13:13:26,2025-05-20T13:17:26,,lake nicoleview
860,93,50,2025-11-12T21:20:10,cancelled,664.17,0.0,45.84,33.21,743.22,card,South Jonathantown,2025-11-12T22:03:10,2025-11-12T21:56:10,restaurant_unavailable,south jonathantown
861,93,39,2024-09-17T13:33:26,delivered,1099.49,0.0,49.06,54.97,1203.52,cash,South Jonathantown,2024-09-17T14:11:26,2024-09-17T14:11:26,,south jonathantown
862,44,30,2025-02-23T13:04:01,pending,127.27,0.0,24.39,6.36,158.02,cash,Baileyport,2025-02-23T13:54:01,2025-02-23T13:59:01,,baileyport
863,32,32,2026-07-30T11:38:19,delivered,937.12,0.0,55.58,46.86,1039.56,upi,Wilsonland,2026-07-30T12:20:19,2026-07-30T12:14:19,,wilsonland
864,67,30,2026-07-30T11:38:41,delivered,103.15,0.0,27.34,5.16,135.65,upi,North Andrewborough,2026-07-30T12:28:41,2026-07-30T12:32:41,,north andrewborough
865,42,24,2026-01-06T12:44:39,delivered,494.46,0.0,43.16,24.72,562.34,card,Goodville,2026-01-06T13:07:39,2026-01-06T12:55:39,,goodville
866,59,34,2026-05-25T19:58:03,delivered,1474.02,0.0,39.67,73.7,1587.39,upi,Port Michael,2026-05-25T20:42:03,2026-05-25T20:33:03,,port michael
867,43,22,2026-01-11T11:57:35,pending,176.86,0.0,44.27,8.84,229.97,card,East Steven,2026-01-11T12:40:35,2026-01-11T12:21:35,,east steven
868,73,32,2026-04-14T18:09:13,delivered,401.04,0.0,25.93,20.05,447.02,card,Nathanland,2026-04-14T18:51:13,2026-04-14T18:48:13,,nathanland
869,96,19,2024-09-24T21:40:55,delivered,350.86,0.0,32.81,17.54,401.21,card,East Williamport,2024-09-24T22:26:55,2024-09-24T22:30:55,,east williamport
870,47,12,2024-11-01T11:07:34,delivered,553.35,0.0,45.88,27.67,626.9,card,Wilsonton,2024-11-01T11:42:34,,,wilsonton
871,90,3,2026-06-29T18:32:50,delivered,885.4,0.0,26.83,44.27,956.5,cash,Morrisbury,2026-06-29T18:52:50,2026-06-29T18:53:50,,morrisbury
872,57,45,2025-11-25T13:04:04,delivered,835.75,0.0,28.61,41.79,906.15,upi,North Tylerchester,2025-11-25T13:24:04,2025-11-25T13:27:04,,north tylerchester
873,92,22,2026-08-08T18:16:10,delivered,874.82,0.0,43.88,43.74,962.44,cash,Port Amyhaven,2026-08-08T18:59:10,2026-08-08T18:50:10,,port amyhaven
874,20,18,2025-04-28T18:13:04,pending,345.89,0.0,48.59,17.29,411.77,card,South Robertshire,2025-04-28T18:40:04,2025-04-28T18:52:04,,south robertshire
875,61,49,2025-08-31T14:15:53,delivered,2079.31,0.0,26.0,103.97,2209.28,card,West Cassidy,2025-08-31T14:51:53,2025-08-31T14:49:53,,west cassidy
876,68,40,2025-01-03T19:04:22,delivered,210.46,0.0,26.36,10.52,247.34,upi,New Michaelshire,2025-01-03T19:53:22,2025-01-03T19:41:22,,new michaelshire
877,48,42,2024-10-14T13:48:27,delivered,1323.28,0.0,57.64,66.16,1447.08,card,Antoniostad,2024-10-14T14:22:27,2024-10-14T14:19:27,,antoniostad
878,44,9,2025-07-27T13:17:36,delivered,325.29,0.0,43.71,16.26,385.26,card,Baileyport,2025-07-27T13:50:36,2025-07-27T13:43:36,,baileyport
879,83,30,2025-03-03T20:10:29,cancelled,587.32,0.0,24.92,29.37,641.61,upi,South Vicki,2025-03-03T21:00:29,2025-03-03T20:56:29,payment_failed,south vicki
880,4,17,2026-01-12T13:19:45,delivered,418.68,0.0,28.07,20.93,467.68,upi,Hurstfurt,2026-01-12T13:59:45,2026-01-12T14:20:45,,hurstfurt
881,10,30,2025-11-29T20:01:33,delivered,586.85,0.0,41.49,29.34,657.68,card,South Aaron,2025-11-29T20:51:33,2025-11-29T21:04:33,,south aaron
882,14,21,2026-05-16T18:15:10,delivered,1279.44,0.0,42.17,63.97,1385.58,cash,Jamesview,2026-05-16T18:59:10,2026-05-16T19:08:10,,jamesview
883,68,44,2026-04-20T21:02:15,delivered,114.6,0.0,48.43,5.73,168.76,upi,New Michaelshire,2026-04-20T21:40:15,2026-04-20T21:40:15,,new michaelshire
884,59,27,2025-07-20T19:55:22,delivered,727.38,0.0,45.83,36.37,809.58,upi,Port Michael,2025-07-20T20:43:22,2025-07-20T20:35:22,,port michael
885,76,12,2026-01-12T21:05:04,delivered,749.7,0.0,53.66,37.49,840.85,upi,South Stevenhaven,2026-01-12T21:40:04,2026-01-12T21:54:04,,south stevenhaven
886,35,23,2026-01-01T14:42:28,delivered,1045.32,0.0,54.12,52.27,1151.71,cash,Barkerfurt,2026-01-01T15:27:28,2026-01-01T15:20:28,,barkerfurt
887,72,50,2026-05-27T11:41:42,delivered,192.01,0.0,65.95,9.6,267.56,upi,Sergiostad,2026-05-27T12:24:42,2026-05-27T12:43:42,,sergiostad
888,23,23,2025-11-12T21:27:25,delivered,560.55,0.0,31.37,28.03,619.95,card,Port Nicoleshire,2025-11-12T22:12:25,2025-11-12T22:10:25,,port nicoleshire
889,37,40,2026-02-05T19:16:26,delivered,1014.34,0.0,39.81,50.72,1104.87,upi,Port Richardhaven,2026-02-05T20:05:26,2026-02-05T20:16:26,,port richardhaven
890,32,27,2025-08-12T13:13:03,delivered,48.13,0.0,25.45,2.41,75.99,cash,Wilsonland,2025-08-12T14:01:03,2025-08-12T13:47:03,,wilsonland
891,15,13,2026-08-10T18:05:29,cancelled,889.13,0.0,52.93,44.46,986.52,card,New Barry,2026-08-10T18:52:29,2026-08-10T18:53:29,customer_request,new barry
892,72,40,2024-09-18T14:31:20,delivered,631.38,0.0,47.97,31.57,710.92,cash,Sergiostad,2024-09-18T15:20:20,2024-09-18T15:12:20,,sergiostad
893,95,40,2025-03-27T18:55:59,delivered,194.17,0.0,22.16,9.71,226.04,cash,Ericborough,2025-03-27T19:44:59,2025-03-27T19:45:59,,ericborough
894,83,23,2026-02-17T12:06:08,pending,860.01,0.0,50.38,43.0,953.39,card,South Vicki,2026-02-17T12:51:08,2026-02-17T12:52:08,,south vicki
895,51,27,2026-07-21T21:51:40,pending,62.56,0.0,45.64,3.13,111.33,upi,Simmonsville,2026-07-21T22:39:40,2026-07-21T22:42:40,,simmonsville
896,72,7,2025-12-09T11:15:14,delivered,269.82,0.0,23.02,13.49,306.33,card,Sergiostad,2025-12-09T11:37:14,2025-12-09T11:42:14,,sergiostad
897,11,28,2026-08-25T12:44:34,delivered,1297.71,0.0,28.73,64.89,1391.33,cash,Shawhaven,2026-08-25T13:21:34,2026-08-25T13:25:34,,shawhaven
898,45,36,2025-10-10T20:12:50,delivered,319.57,0.0,20.0,15.98,355.55,cash,New Michaelberg,2025-10-10T21:05:50,2025-10-10T21:00:50,,new michaelberg
899,97,18,2026-03-16T18:58:22,delivered,501.65,0.0,46.52,25.08,573.25,card,West Shellyfurt,2026-03-16T19:25:22,2026-03-16T19:33:22,,west shellyfurt
900,40,33,2024-12-29T18:20:20,delivered,679.63,0.0,35.72,33.98,749.33,upi,New Patrick,2024-12-29T18:59:20,2024-12-29T19:12:20,,new patrick
901,17,13,2025-03-18T21:01:41,delivered,198.4,0.0,31.61,9.92,239.93,card,Darlenefurt,2025-03-18T21:48:41,2025-03-18T21:56:41,,darlenefurt
902,60,13,2026-05-22T11:53:11,cancelled,215.38,0.0,27.93,10.77,254.08,upi,South Carlos,2026-05-22T12:40:11,2026-05-22T12:40:11,customer_request,south carlos
903,75,22,2025-12-01T11:35:34,delivered,1505.06,0.0,27.01,75.25,1607.32,cash,East Laurabury,2025-12-01T12:18:34,2025-12-01T12:16:34,,east laurabury
904,70,22,2026-04-27T18:38:27,delivered,577.21,0.0,57.33,28.86,663.4,card,West Jamesborough,2026-04-27T19:21:27,2026-04-27T19:28:27,,west jamesborough
905,14,40,2025-04-16T18:32:58,delivered,631.38,0.0,38.35,31.57,701.3,cash,Jamesview,2025-04-16T19:21:58,2025-04-16T19:28:58,,jamesview
906,21,28,2026-02-04T18:07:47,delivered,205.68,0.0,49.67,10.28,265.63,upi,Stephaniemouth,2026-02-04T18:44:47,2026-02-04T18:34:47,,stephaniemouth
907,70,31,2025-10-01T20:40:02,cancelled,218.4,0.0,35.89,10.92,265.21,card,West Jamesborough,2025-10-01T21:14:02,2025-10-01T21:11:02,payment_failed,west jamesborough
908,42,25,2025-07-15T13:34:44,delivered,628.62,0.0,52.32,31.43,712.37,card,Goodville,2025-07-15T14:08:44,2025-07-15T14:05:44,,goodville
909,49,36,2025-09-16T19:40:07,delivered,992.5,0.0,45.24,49.62,1087.36,upi,East Kristin,2025-09-16T20:33:07,2025-09-16T20:33:07,,east kristin
910,59,50,2026-03-23T14:06:43,delivered,275.34,0.0,25.03,13.77,314.14,card,Port Michael,2026-03-23T14:49:43,2026-03-23T14:50:43,,port michael
911,84,48,2026-05-21T19:41:02,delivered,813.37,0.0,59.38,40.67,913.42,cash,Lake Brett,2026-05-21T20:31:02,2026-05-21T20:36:02,,lake brett
912,53,10,2024-09-14T12:07:22,delivered,50.34,0.0,43.4,2.52,96.26,cash,Lisaside,2024-09-14T12:55:22,2024-09-14T12:51:22,,lisaside
913,61,18,2025-02-26T20:24:48,delivered,357.9,0.0,20.0,17.89,395.79,cash,West Cassidy,2025-02-26T20:51:48,2025-02-26T20:52:48,,west cassidy
914,91,23,2025-05-28T19:47:19,delivered,1321.12,0.0,56.65,66.06,1443.83,card,Hannahport,2025-05-28T20:32:19,2025-05-28T20:30:19,,hannahport
915,83,27,2025-04-04T19:16:35,delivered,158.4,0.0,42.5,7.92,208.82,cash,South Vicki,2025-04-04T20:04:35,2025-04-04T20:06:35,,south vicki
916,58,35,2025-07-14T14:46:37,delivered,680.16,0.0,37.59,34.01,751.76,upi,Robertsfurt,2025-07-14T15:25:37,2025-07-14T15:28:37,,robertsfurt
917,73,7,2026-03-12T13:25:08,delivered,269.82,29.69,31.57,13.49,285.19,cash,Nathanland,2026-03-12T13:47:08,2026-03-12T13:47:08,,nathanland
918,71,27,2026-07-15T13:21:30,delivered,330.46,0.0,23.66,16.52,370.64,cash,Morganburgh,2026-07-15T14:09:30,2026-07-15T14:15:30,,morganburgh
919,55,6,2026-07-10T18:43:22,pending,2193.87,0.0,31.41,109.69,2334.97,card,East Mollyshire,2026-07-10T19:34:22,2026-07-10T19:43:22,,east mollyshire
920,32,46,2025-03-30T21:48:30,delivered,706.03,0.0,53.94,35.3,795.27,cash,Wilsonland,2025-03-30T22:28:30,2025-03-30T22:12:30,,wilsonland
921,50,20,2026-04-14T13:38:38,delivered,409.96,0.0,35.27,20.5,465.73,upi,East Josephberg,2026-04-14T14:08:38,2026-04-14T14:13:38,,east josephberg
922,49,19,2025-04-24T20:08:20,delivered,335.58,0.0,34.02,16.78,386.38,card,East Kristin,2025-04-24T20:54:20,2025-04-24T20:43:20,,east kristin
923,15,50,2025-11-04T21:43:50,delivered,664.17,0.0,49.05,33.21,746.43,upi,New Barry,2025-11-04T22:26:50,2025-11-04T22:39:50,,new barry
924,80,37,2026-06-30T20:00:47,returned,170.88,0.0,48.97,8.54,228.39,card,Ferrellmouth,2026-06-30T20:44:47,2026-06-30T20:41:47,,ferrellmouth
925,52,18,2025-12-17T20:39:22,delivered,333.73,0.0,40.38,16.69,390.8,upi,Garciaville,2025-12-17T21:06:22,2025-12-17T21:11:22,,garciaville
926,48,23,2026-07-01T18:21:58,delivered,218.5,21.04,33.56,10.93,241.95,card,Antoniostad,2026-07-01T19:06:58,2026-07-01T19:05:58,,antoniostad
927,87,14,2026-04-27T20:22:37,delivered,393.09,0.0,32.79,19.65,445.53,card,East Brent,2026-04-27T20:57:37,2026-04-27T21:03:37,,east brent
928,15,43,2025-12-24T18:52:41,delivered,285.92,0.0,43.19,14.3,343.41,card,New Barry,2025-12-24T19:26:41,2025-12-24T19:19:41,,new barry
929,85,36,2026-02-19T13:20:43,delivered,291.99,0.0,21.85,14.6,328.44,upi,Salaston,2026-02-19T14:13:43,2026-02-19T14:09:43,,salaston
930,94,48,2025-10-31T13:17:55,delivered,168.51,0.0,36.77,8.43,213.71,upi,Millerside,2025-10-31T14:07:55,2025-10-31T14:07:55,,millerside
931,61,32,2025-06-12T19:16:57,delivered,407.96,0.0,34.59,20.4,462.95,card,West Cassidy,2025-06-12T19:58:57,2025-06-12T19:48:57,,west cassidy
932,58,42,2024-12-26T14:26:42,delivered,1064.16,0.0,46.94,53.21,1164.31,card,Robertsfurt,2024-12-26T15:00:42,2024-12-26T14:55:42,,robertsfurt
933,97,10,2025-04-11T20:21:40,delivered,320.6,0.0,29.16,16.03,365.79,cash,West Shellyfurt,2025-04-11T21:09:40,2025-04-11T21:10:40,,west shellyfurt
934,42,23,2025-03-03T21:34:12,cancelled,465.14,0.0,45.0,23.26,533.4,card,Goodville,2025-03-03T22:19:12,2025-03-03T22:15:12,payment_failed,goodville
935,99,6,2025-03-09T20:06:05,delivered,853.64,0.0,25.22,42.68,921.54,upi,East Sharonville,2025-03-09T20:57:05,2025-03-09T21:00:05,,east sharonville
936,43,5,2024-10-23T12:58:55,delivered,729.79,0.0,49.16,36.49,815.44,card,East Steven,2024-10-23T13:18:55,2024-10-23T13:09:55,,east steven
937,84,19,2025-02-21T21:48:01,delivered,167.79,0.0,32.45,8.39,208.63,cash,Lake Brett,2025-02-21T22:34:01,,,lake brett
938,9,42,2025-01-16T14:30:19,delivered,242.14,0.0,28.15,12.11,282.4,upi,East Jamesside,2025-01-16T15:04:19,2025-01-16T15:10:19,,east jamesside
939,5,24,2026-01-21T18:45:29,delivered,247.23,0.0,43.99,12.36,303.58,upi,Lake Nicoleview,2026-01-21T19:08:29,2026-01-21T19:15:29,,lake nicoleview
940,3,27,2025-12-22T13:51:39,delivered,559.11,0.0,47.29,27.96,634.36,upi,Veronicaside,2025-12-22T14:39:39,2025-12-22T14:39:39,,veronicaside
941,67,13,2026-05-15T18:24:18,delivered,1076.9,0.0,40.93,53.85,1171.68,cash,North Andrewborough,2026-05-15T19:11:18,2026-05-15T19:20:18,,north andrewborough
942,86,8,2025-08-05T21:51:16,delivered,450.09,0.0,27.9,22.5,500.49,cash,Lake Janet,2025-08-05T22:44:16,2025-08-05T22:32:16,,lake janet
943,70,49,2026-07-14T20:23:07,delivered,343.68,0.0,36.15,17.18,397.01,card,West Jamesborough,2026-07-14T20:59:07,,,west jamesborough
944,55,35,2025-10-06T20:50:13,delivered,959.57,119.27,31.36,47.98,919.64,upi,East Mollyshire,2025-10-06T21:29:13,2025-10-06T21:17:13,,east mollyshire
945,90,41,2025-11-23T12:55:20,cancelled,865.42,0.0,37.7,43.27,946.39,upi,Morrisbury,2025-11-23T13:27:20,2025-11-23T13:35:20,customer_request,morrisbury
946,53,9,2025-11-22T19:49:46,delivered,196.62,18.83,50.77,9.83,238.39,card,Lisaside,2025-11-22T20:22:46,2025-11-22T20:27:46,,lisaside
947,99,47,2025-05-23T19:00:53,delivered,887.67,0.0,27.16,44.38,959.21,upi,East Sharonville,2025-05-23T19:31:53,2025-05-23T19:17:53,,east sharonville
948,69,6,2025-12-31T20:57:05,delivered,829.88,135.85,45.94,41.49,781.46,card,Kristinastad,2025-12-31T21:48:05,,,kristinastad
949,7,6,2025-04-19T18:45:39,delivered,452.1,0.0,25.82,22.61,500.53,card,Samuelhaven,2025-04-19T19:36:39,2025-04-19T19:53:39,,samuelhaven
950,31,21,2026-06-07T21:31:53,delivered,251.66,0.0,32.45,12.58,296.69,upi,Harrytown,2026-06-07T22:15:53,,,harrytown
951,58,42,2026-01-18T12:03:30,delivered,1413.56,141.76,42.47,70.68,1384.95,card,Robertsfurt,2026-01-18T12:37:30,2026-01-18T12:26:30,,robertsfurt
952,22,17,2025-12-20T14:08:21,delivered,224.62,0.0,34.86,11.23,270.71,card,West Matthew,2025-12-20T14:48:21,,,west matthew
953,45,8,2025-04-30T19:56:04,delivered,100.22,0.0,72.25,5.01,177.48,card,New Michaelberg,2025-04-30T20:49:04,2025-04-30T20:53:04,,new michaelberg
954,41,7,2025-04-28T13:53:00,delivered,579.39,0.0,46.9,28.97,655.26,card,North Terrance,2025-04-28T14:15:00,2025-04-28T14:16:00,,north terrance
955,31,32,2026-06-03T19:09:46,delivered,1218.78,0.0,45.95,60.94,1325.67,upi,Harrytown,2026-06-03T19:51:46,2026-06-03T19:55:46,,harrytown
956,72,22,2025-02-02T12:01:43,delivered,533.16,0.0,45.65,26.66,605.47,cash,Sergiostad,2025-02-02T12:44:43,2025-02-02T12:53:43,,sergiostad
957,67,47,2025-07-08T14:48:44,delivered,639.83,0.0,48.9,31.99,720.72,upi,North Andrewborough,2025-07-08T15:19:44,2025-07-08T15:12:44,,north andrewborough
958,41,50,2026-08-02T19:32:47,pending,280.15,0.0,34.27,14.01,328.43,cash,North Terrance,2026-08-02T20:15:47,2026-08-02T20:19:47,,north terrance
959,96,16,2026-02-01T20:25:38,pending,142.82,0.0,40.02,7.14,189.98,card,East Williamport,2026-02-01T20:56:38,2026-02-01T20:47:38,,east williamport
960,62,22,2026-02-16T20:09:45,delivered,352.39,0.0,37.14,17.62,407.15,card,Ortizmouth,2026-02-16T20:52:45,2026-02-16T20:53:45,,ortizmouth
961,40,17,2025-11-01T19:47:45,delivered,1435.08,183.93,25.42,71.75,1348.32,cash,New Patrick,2025-11-01T20:27:45,2025-11-01T20:32:45,,new patrick
962,12,22,2026-02-01T13:59:29,delivered,399.04,0.0,41.98,19.95,460.97,cash,Johnfurt,2026-02-01T14:42:29,2026-02-01T14:31:29,,johnfurt
963,47,19,2025-06-17T13:30:16,pending,174.65,9.34,43.69,8.73,217.73,cash,Wilsonton,2025-06-17T14:16:16,2025-06-17T14:20:16,,wilsonton
964,48,43,2026-05-24T18:42:38,delivered,333.36,0.0,48.07,16.67,398.1,cash,Antoniostad,2026-05-24T19:16:38,2026-05-24T19:35:38,,antoniostad
965,58,37,2026-07-27T18:28:20,delivered,170.88,0.0,26.52,8.54,205.94,cash,Robertsfurt,2026-07-27T19:12:20,2026-07-27T18:56:20,,robertsfurt
966,83,19,2025-02-20T20:58:05,delivered,532.37,0.0,20.0,26.62,578.99,upi,South Vicki,2025-02-20T21:44:05,2025-02-20T21:34:05,,south vicki
967,36,5,2025-08-24T20:40:12,delivered,455.78,0.0,42.66,22.79,521.23,upi,Waltersfort,2025-08-24T21:00:12,2025-08-24T20:56:12,,waltersfort
968,86,21,2026-02-27T21:50:40,delivered,245.84,0.0,39.92,12.29,298.05,card,Lake Janet,2026-02-27T22:34:40,2026-02-27T22:43:40,,lake janet
969,48,14,2025-05-14T21:05:01,delivered,144.88,0.0,36.29,7.24,188.41,card,Antoniostad,2025-05-14T21:40:01,2025-05-14T21:23:01,,antoniostad
970,46,16,2025-06-07T12:48:20,delivered,286.83,0.0,35.11,14.34,336.28,cash,Coffeyside,2025-06-07T13:19:20,2025-06-07T13:21:20,,coffeyside
971,79,18,2026-05-09T12:39:05,delivered,819.3,0.0,36.12,40.97,896.39,card,Theresaberg,2026-05-09T13:06:05,2026-05-09T13:22:05,,theresaberg
972,38,15,2026-04-19T12:52:29,delivered,209.44,0.0,45.15,10.47,265.06,upi,Lake Eric,2026-04-19T13:29:29,2026-04-19T13:29:29,,lake eric
973,96,30,2025-05-31T12:56:26,delivered,309.45,0.0,47.18,15.47,372.1,upi,East Williamport,2025-05-31T13:46:26,2025-05-31T13:49:26,,east williamport
974,80,30,2025-04-19T13:19:09,delivered,653.77,0.0,42.37,32.69,728.83,card,Ferrellmouth,2025-04-19T14:09:09,2025-04-19T14:21:09,,ferrellmouth
975,28,27,2025-12-07T14:36:50,delivered,142.78,0.0,54.75,7.14,204.67,cash,West Nicolebury,2025-12-07T15:24:50,2025-12-07T15:31:50,,west nicolebury
976,84,28,2025-06-13T13:14:19,delivered,617.04,0.0,40.57,30.85,688.46,upi,Lake Brett,2025-06-13T13:51:19,2025-06-13T13:57:19,,lake brett
977,86,3,2026-05-15T12:02:11,delivered,139.36,0.0,36.53,6.97,182.86,card,Lake Janet,2026-05-15T12:22:11,2026-05-15T12:29:11,,lake janet
978,18,14,2026-04-03T18:06:45,delivered,449.2,0.0,38.52,22.46,510.18,card,Bradleychester,2026-04-03T18:41:45,2026-04-03T19:01:45,,bradleychester
979,3,30,2025-10-26T21:58:59,delivered,967.4,0.0,47.35,48.37,1063.12,cash,Veronicaside,2025-10-26T22:48:59,2025-10-26T22:46:59,,veronicaside
980,93,43,2024-09-25T18:45:39,delivered,388.19,0.0,48.93,19.41,456.53,upi,South Jonathantown,2024-09-25T19:19:39,2024-09-25T19:22:39,,south jonathantown
981,16,22,2026-03-10T21:45:07,delivered,152.73,0.0,24.57,7.64,184.94,cash,Johnsonmouth,2026-03-10T22:28:07,2026-03-10T22:30:07,,johnsonmouth
982,33,37,2026-05-05T13:49:39,delivered,392.62,0.0,39.9,19.63,452.15,card,Torreston,2026-05-05T14:33:39,2026-05-05T14:27:39,,torreston
983,56,50,2025-01-30T12:55:06,delivered,1027.5,0.0,48.52,51.38,1127.4,upi,Tuckermouth,2025-01-30T13:38:06,2025-01-30T13:44:06,,tuckermouth
984,77,4,2025-07-22T14:37:02,delivered,622.15,0.0,38.58,31.11,691.84,upi,Jamesside,2025-07-22T15:28:02,2025-07-22T15:27:02,,jamesside
985,8,23,2024-09-12T20:47:56,delivered,1894.04,0.0,34.09,94.7,2022.83,upi,Lewisberg,2024-09-12T21:32:56,2024-09-12T21:16:56,,lewisberg
986,42,18,2024-09-06T12:47:44,delivered,1001.34,0.0,39.95,50.07,1091.36,card,Goodville,2024-09-06T13:14:44,2024-09-06T13:15:44,,goodville
987,78,5,2025-08-18T13:48:51,delivered,926.84,0.0,23.69,46.34,996.87,cash,Montgomerytown,2025-08-18T14:08:51,2025-08-18T14:03:51,,montgomerytown
988,51,45,2025-06-18T12:54:07,delivered,334.3,0.0,55.64,16.71,406.65,upi,Simmonsville,2025-06-18T13:14:07,2025-06-18T13:09:07,,simmonsville
989,78,31,2026-05-18T11:21:23,delivered,213.31,0.0,42.83,10.67,266.81,cash,Montgomerytown,2026-05-18T11:55:23,,,montgomerytown
990,56,36,2025-05-10T11:29:09,delivered,1191.85,0.0,47.51,59.59,1298.95,cash,Tuckermouth,2025-05-10T12:22:09,2025-05-10T12:32:09,,tuckermouth
991,4,3,2025-03-02T19:01:49,delivered,2511.24,0.0,28.45,125.56,2665.25,card,Hurstfurt,2025-03-02T19:21:49,2025-03-02T19:19:49,,hurstfurt
992,28,21,2025-06-26T18:27:16,delivered,749.45,0.0,47.87,37.47,834.79,card,West Nicolebury,2025-06-26T19:11:16,2025-06-26T19:10:16,,west nicolebury
993,43,8,2025-06-11T18:46:32,delivered,677.4,60.62,47.87,33.87,698.52,cash,East Steven,2025-06-11T19:39:32,2025-06-11T19:15:32,,east steven
994,33,25,2025-04-28T12:12:36,delivered,181.41,0.0,39.1,9.07,229.58,upi,Torreston,2025-04-28T12:46:36,2025-04-28T12:47:36,,torreston
995,4,17,2026-03-17T18:27:54,delivered,1111.25,0.0,35.5,55.56,1202.31,card,Hurstfurt,2026-03-17T19:07:54,2026-03-17T19:02:54,,hurstfurt
996,45,16,2025-08-12T11:41:56,delivered,355.65,0.0,41.23,17.78,414.66,card,New Michaelberg,2025-08-12T12:12:56,2025-08-12T11:57:56,,new michaelberg
997,44,38,2025-01-11T19:00:13,pending,308.76,0.0,43.05,15.44,367.25,card,Baileyport,2025-01-11T19:21:13,2025-01-11T19:36:13,,baileyport
998,6,43,2026-06-14T11:28:29,delivered,264.39,0.0,53.71,13.22,331.32,card,West Natashaport,2026-06-14T12:02:29,2026-06-14T12:06:29,,west natashaport
999,57,34,2025-08-06T20:36:14,delivered,1504.02,0.0,43.14,75.2,1622.36,card,North Tylerchester,2025-08-06T21:20:14,2025-08-06T21:39:14,,north tylerchester
1000,29,32,2026-05-07T13:44:38,delivered,203.98,0.0,41.49,10.2,255.67,card,Freemanbury,2026-05-07T14:26:38,2026-05-07T14:27:38,,freemanbury
